Unnamed: 0_level_0,Unnamed: 1_level_0,Unnamed: 2_level_0,Unnamed: 3_level_0,Unnamed: 4_level_0,Playing Time,Playing Time,Playing Time,Performance,Performance,Performance,Performance,Performance,Performance,Performance,Performance,Expected,Expected,Expected,Expected,Progression,Progression,Progression,Per 90 Minutes,Per 90 Minutes,Per 90 Minutes,Per 90 Minutes,Per 90 Minutes,Per 90 Minutes,Per 90 Minutes,Per 90 Minutes,Per 90 Minutes,Per 90 Minutes,Unnamed: 33_level_0,Team,Playing Time
Player,Nation,Pos,Age,MP,Starts,Min,90s,Gls,Ast,G+A,G-PK,PK,PKatt,CrdY,CrdR,xG,npxG,xAG,npxG+xAG,PrgC,PrgP,PrgR,Gls,Ast,G+A,G-PK,G+A-PK,xG,xAG,xG+xAG,npxG,npxG+xAG,Matches,,MP
Ederson,br BRA,GK,31-076,9.0,9,810.0,9.0,0.0,1.0,1.0,0.0,0.0,0.0,3.0,0.0,0.0,0.0,0.4,0.4,0.0,1.0,0.0,0.0,0.11,0.11,0.0,0.11,0.0,0.04,0.04,0.0,0.04,Matches,Manchester-City,
Erling Haaland,no NOR,FW,24-103,9.0,9,809.0,9.0,11.0,0.0,11.0,10.0,1.0,1.0,1.0,0.0,8.8,8.0,0.5,8.5,7.0,4.0,38.0,1.22,0.0,1.22,1.11,1.11,0.98,0.05,1.03,0.89,0.94,Matches,Manchester-City,
Joško Gvardiol,hr CRO,DF,22-283,9.0,8,762.0,8.5,2.0,0.0,2.0,2.0,0.0,0.0,0.0,0.0,0.5,0.5,0.8,1.3,26.0,95.0,20.0,0.24,0.0,0.24,0.24,0.24,0.05,0.1,0.15,0.05,0.15,Matches,Manchester-City,
Rúben Dias,pt POR,DF,27-171,9.0,8,727.0,8.1,0.0,0.0,0.0,0.0,0.0,0.0,3.0,0.0,0.6,0.6,0.1,0.7,12.0,57.0,3.0,0.0,0.0,0.0,0.0,0.0,0.07,0.02,0.09,0.07,0.09,Matches,Manchester-City,
Bernardo Silva,pt POR,"MF,FW",30-083,9.0,8,727.0,8.1,0.0,3.0,3.0,0.0,0.0,0.0,2.0,0.0,1.3,1.3,2.5,3.7,34.0,37.0,73.0,0.0,0.37,0.37,0.0,0.37,0.16,0.3,0.46,0.16,0.46,Matches,Manchester-City,
Mateo Kovačić,hr CRO,MF,30-179,9.0,8,699.0,7.8,3.0,0.0,3.0,3.0,0.0,0.0,3.0,0.0,0.9,0.9,0.3,1.2,27.0,45.0,9.0,0.39,0.0,0.39,0.39,0.39,0.11,0.04,0.15,0.11,0.15,Matches,Manchester-City,
Manuel Akanji,ch SUI,DF,29-105,8.0,8,691.0,7.7,0.0,0.0,0.0,0.0,0.0,0.0,1.0,0.0,0.1,0.1,0.3,0.4,19.0,67.0,3.0,0.0,0.0,0.0,0.0,0.0,0.02,0.03,0.05,0.02,0.05,Matches,Manchester-City,
Rico Lewis,eng ENG,"MF,DF",19-346,8.0,8,664.0,7.4,0.0,2.0,2.0,0.0,0.0,0.0,0.0,0.0,0.7,0.7,0.2,0.9,19.0,36.0,38.0,0.0,0.27,0.27,0.0,0.27,0.1,0.03,0.13,0.1,0.13,Matches,Manchester-City,
Sávio,br BRA,"FW,MF",20-205,7.0,6,453.0,5.0,0.0,2.0,2.0,0.0,0.0,0.0,2.0,0.0,1.1,1.1,3.0,4.1,55.0,23.0,79.0,0.0,0.4,0.4,0.0,0.4,0.22,0.59,0.82,0.22,0.82,Matches,Manchester-City,
İlkay Gündoğan,de GER,MF,34-008,8.0,5,471.0,5.2,0.0,0.0,0.0,0.0,0.0,0.0,0.0,0.0,1.3,1.3,1.0,2.3,16.0,31.0,31.0,0.0,0.0,0.0,0.0,0.0,0.25,0.19,0.44,0.25,0.44,Matches,Manchester-City,
Jeremy Doku,be BEL,"FW,MF",22-158,7.0,5,401.0,4.5,1.0,1.0,2.0,1.0,0.0,0.0,0.0,0.0,0.4,0.4,1.2,1.6,58.0,19.0,80.0,0.22,0.22,0.45,0.22,0.45,0.09,0.27,0.36,0.09,0.36,Matches,Manchester-City,
Kevin De Bruyne,be BEL,MF,33-126,4.0,4,356.0,4.0,1.0,1.0,2.0,1.0,0.0,0.0,1.0,0.0,1.2,1.2,1.7,2.9,10.0,47.0,32.0,0.25,0.25,0.51,0.25,0.51,0.31,0.43,0.74,0.31,0.74,Matches,Manchester-City,
Jack Grealish,eng ENG,"FW,MF",29-052,7.0,4,346.0,3.8,0.0,1.0,1.0,0.0,0.0,0.0,2.0,0.0,0.5,0.5,1.0,1.6,46.0,17.0,67.0,0.0,0.26,0.26,0.0,0.26,0.14,0.27,0.41,0.14,0.41,Matches,Manchester-City,
Kyle Walker,eng ENG,DF,34-157,5.0,3,289.0,3.2,0.0,0.0,0.0,0.0,0.0,0.0,0.0,0.0,0.1,0.1,0.3,0.4,6.0,25.0,1.0,0.0,0.0,0.0,0.0,0.0,0.04,0.09,0.14,0.04,0.14,Matches,Manchester-City,
Phil Foden,eng ENG,"MF,FW",24-157,6.0,2,282.0,3.1,0.0,1.0,1.0,0.0,0.0,0.0,0.0,0.0,0.4,0.4,1.5,1.9,6.0,11.0,29.0,0.0,0.32,0.32,0.0,0.32,0.14,0.46,0.6,0.14,0.6,Matches,Manchester-City,
John Stones,eng ENG,"DF,MF",30-157,6.0,2,241.0,2.7,2.0,0.0,2.0,2.0,0.0,0.0,1.0,0.0,0.4,0.4,0.0,0.4,8.0,10.0,1.0,0.75,0.0,0.75,0.75,0.75,0.16,0.0,0.16,0.16,0.16,Matches,Manchester-City,
Matheus Nunes,pt POR,"MF,FW",26-066,6.0,1,113.0,1.3,0.0,2.0,2.0,0.0,0.0,0.0,0.0,0.0,0.1,0.1,1.0,1.1,7.0,11.0,31.0,0.0,1.59,1.59,0.0,1.59,0.08,0.77,0.85,0.08,0.85,Matches,Manchester-City,
Rodri,es ESP,MF,28-132,2.0,1,65.0,0.7,0.0,0.0,0.0,0.0,0.0,0.0,0.0,0.0,0.0,0.0,0.0,0.0,0.0,4.0,1.0,0.0,0.0,0.0,0.0,0.0,0.0,0.06,0.06,0.0,0.06,Matches,Manchester-City,
Nathan Aké,nl NED,DF,29-257,1.0,0,3.0,0.0,0.0,0.0,0.0,0.0,0.0,0.0,0.0,0.0,0.0,0.0,0.0,0.0,0.0,1.0,0.0,0.0,0.0,0.0,0.0,0.0,0.0,0.0,0.0,0.0,0.0,Matches,Manchester-City,
James Mcatee,eng ENG,FW,22-014,1.0,0,1.0,0.0,0.0,0.0,0.0,0.0,0.0,0.0,0.0,0.0,0.0,0.0,0.0,0.0,0.0,0.0,0.0,0.0,0.0,0.0,0.0,0.0,0.0,0.0,0.0,0.0,0.0,Matches,Manchester-City,
Scott Carson,eng ENG,GK,39-059,0.0,0,,,,,,,,,,,,,,,,,,,,,,,,,,,,Matches,Manchester-City,
Issa Kaboré,bf BFA,"DF,MF",23-173,0.0,0,,,,,,,,,,,,,,,,,,,,,,,,,,,,Matches,Manchester-City,
Stefan Ortega,de GER,GK,31-361,0.0,0,,,,,,,,,,,,,,,,,,,,,,,,,,,,Matches,Manchester-City,
Nico O’Reilly,eng ENG,FW,19-225,0.0,0,,,,,,,,,,,,,,,,,,,,,,,,,,,,Matches,Manchester-City,
Squad Total,,,27.4,9.0,99,810.0,9.0,20.0,14.0,34.0,19.0,1.0,1.0,19.0,0.0,18.3,17.5,15.6,33.2,356.0,541.0,536.0,2.22,1.56,3.78,2.11,3.67,2.04,1.73,3.77,1.95,3.68,,Manchester-City,
Opponent Total,,,26.9,9.0,99,810.0,9.0,8.0,6.0,14.0,7.0,1.0,1.0,26.0,1.0,8.7,8.0,7.1,15.1,114.0,184.0,184.0,0.89,0.67,1.56,0.78,1.44,0.97,0.79,1.76,0.88,1.68,,Manchester-City,
Virgil van Dijk,nl NED,DF,33-116,9.0,9,810.0,9.0,1.0,0.0,1.0,1.0,0.0,0.0,1.0,0.0,0.5,0.5,0.2,0.7,1.0,36.0,0.0,0.11,0.0,0.11,0.11,0.11,0.05,0.03,0.08,0.05,0.08,Matches,Liverpool,
Ryan Gravenberch,nl NED,MF,22-169,9.0,9,809.0,9.0,0.0,0.0,0.0,0.0,0.0,0.0,2.0,0.0,0.1,0.1,0.4,0.6,20.0,54.0,15.0,0.0,0.0,0.0,0.0,0.0,0.02,0.05,0.06,0.02,0.06,Matches,Liverpool,
Mohamed Salah,eg EGY,FW,32-139,9.0,9,784.0,8.7,6.0,5.0,11.0,4.0,2.0,2.0,0.0,0.0,5.2,3.6,2.9,6.5,32.0,33.0,103.0,0.69,0.57,1.26,0.46,1.03,0.6,0.33,0.93,0.42,0.75,Matches,Liverpool,
Trent Alexander-Arnold,eng ENG,DF,26-025,9.0,9,752.0,8.4,0.0,1.0,1.0,0.0,0.0,0.0,2.0,0.0,0.4,0.4,2.2,2.6,20.0,46.0,25.0,0.0,0.12,0.12,0.0,0.12,0.05,0.26,0.31,0.05,0.31,Matches,Liverpool,
Ibrahima Konaté,fr FRA,DF,25-160,9.0,8,749.0,8.3,1.0,1.0,2.0,1.0,0.0,0.0,3.0,0.0,0.4,0.4,0.2,0.6,3.0,26.0,1.0,0.12,0.12,0.24,0.12,0.24,0.05,0.02,0.07,0.05,0.07,Matches,Liverpool,
Andrew Robertson,sct SCO,DF,30-235,9.0,8,666.0,7.4,0.0,0.0,0.0,0.0,0.0,0.0,1.0,0.0,0.4,0.4,1.5,2.0,14.0,35.0,14.0,0.0,0.0,0.0,0.0,0.0,0.06,0.21,0.26,0.06,0.26,Matches,Liverpool,
Alexis Mac Allister,ar ARG,MF,25-313,9.0,8,626.0,7.0,0.0,0.0,0.0,0.0,0.0,0.0,3.0,0.0,0.3,0.3,1.0,1.3,9.0,43.0,16.0,0.0,0.0,0.0,0.0,0.0,0.04,0.15,0.18,0.04,0.18,Matches,Liverpool,
Dominik Szoboszlai,hu HUN,MF,24-007,9.0,7,655.0,7.3,0.0,1.0,1.0,0.0,0.0,0.0,3.0,0.0,1.5,1.5,1.1,2.5,22.0,28.0,29.0,0.0,0.14,0.14,0.0,0.14,0.2,0.15,0.35,0.2,0.35,Matches,Liverpool,
Luis Díaz,co COL,FW,27-293,9.0,7,533.0,5.9,5.0,2.0,7.0,5.0,0.0,0.0,0.0,0.0,2.8,2.8,1.3,4.1,25.0,17.0,54.0,0.84,0.34,1.18,0.84,1.18,0.47,0.22,0.69,0.47,0.69,Matches,Liverpool,
Diogo Jota,pt POR,FW,27-333,7.0,7,492.0,5.5,2.0,2.0,4.0,2.0,0.0,0.0,1.0,0.0,2.7,2.7,0.8,3.5,13.0,6.0,34.0,0.37,0.37,0.73,0.37,0.73,0.5,0.14,0.64,0.5,0.64,Matches,Liverpool,
Alisson,br BRA,GK,32-030,6.0,6,528.0,5.9,0.0,0.0,0.0,0.0,0.0,0.0,0.0,0.0,0.0,0.0,0.0,0.0,0.0,0.0,0.0,0.0,0.0,0.0,0.0,0.0,0.0,0.0,0.0,0.0,0.0,Matches,Liverpool,
Curtis Jones,eng ENG,MF,23-276,6.0,3,321.0,3.6,1.0,0.0,1.0,1.0,0.0,0.0,0.0,0.0,1.1,1.1,0.1,1.2,2.0,16.0,9.0,0.28,0.0,0.28,0.28,0.28,0.31,0.03,0.34,0.31,0.34,Matches,Liverpool,
Caoimhín Kelleher,ie IRL,GK,25-344,3.0,3,270.0,3.0,0.0,0.0,0.0,0.0,0.0,0.0,0.0,0.0,0.0,0.0,0.0,0.0,0.0,0.0,0.0,0.0,0.0,0.0,0.0,0.0,0.0,0.0,0.0,0.0,0.0,Matches,Liverpool,
Cody Gakpo,nl NED,FW,25-178,9.0,2,307.0,3.4,0.0,1.0,1.0,0.0,0.0,0.0,2.0,0.0,0.5,0.5,0.9,1.5,6.0,10.0,43.0,0.0,0.29,0.29,0.0,0.29,0.15,0.28,0.43,0.15,0.43,Matches,Liverpool,
Darwin Núñez,uy URU,FW,25-130,6.0,2,287.0,3.2,1.0,1.0,2.0,1.0,0.0,0.0,2.0,0.0,0.5,0.5,0.3,0.8,6.0,7.0,19.0,0.31,0.31,0.63,0.31,0.63,0.14,0.09,0.24,0.14,0.24,Matches,Liverpool,
Kostas Tsimikas,gr GRE,DF,28-173,5.0,1,142.0,1.6,0.0,0.0,0.0,0.0,0.0,0.0,0.0,0.0,0.0,0.0,0.0,0.0,5.0,20.0,5.0,0.0,0.0,0.0,0.0,0.0,0.02,0.0,0.02,0.02,0.02,Matches,Liverpool,
Jarell Quansah,eng ENG,DF,21-277,1.0,1,45.0,0.5,0.0,0.0,0.0,0.0,0.0,0.0,0.0,0.0,0.0,0.0,0.0,0.0,0.0,0.0,0.0,0.0,0.0,0.0,0.0,0.0,0.0,0.0,0.0,0.0,0.0,Matches,Liverpool,
Conor Bradley,nir NIR,DF,21-115,4.0,0,79.0,0.9,0.0,0.0,0.0,0.0,0.0,0.0,0.0,0.0,0.2,0.2,0.0,0.2,6.0,5.0,5.0,0.0,0.0,0.0,0.0,0.0,0.26,0.0,0.26,0.26,0.26,Matches,Liverpool,
Federico Chiesa,it ITA,FW,27-007,1.0,0,19.0,0.2,0.0,0.0,0.0,0.0,0.0,0.0,0.0,0.0,0.2,0.2,0.0,0.2,1.0,0.0,2.0,0.0,0.0,0.0,0.0,0.0,0.76,0.0,0.76,0.76,0.76,Matches,Liverpool,
Joe Gomez,eng ENG,DF,27-162,2.0,0,12.0,0.1,0.0,0.0,0.0,0.0,0.0,0.0,0.0,0.0,0.0,0.0,0.0,0.0,0.0,0.0,0.0,0.0,0.0,0.0,0.0,0.0,0.0,0.0,0.0,0.0,0.0,Matches,Liverpool,
Vitezslav Jaros,cz CZE,GK,23-101,1.0,0,12.0,0.1,0.0,0.0,0.0,0.0,0.0,0.0,0.0,0.0,0.0,0.0,0.0,0.0,0.0,0.0,0.0,0.0,0.0,0.0,0.0,0.0,0.0,0.0,0.0,0.0,0.0,Matches,Liverpool,
Harvey Elliott,eng ENG,FW,21-211,1.0,0,8.0,0.1,0.0,0.0,0.0,0.0,0.0,0.0,0.0,0.0,0.0,0.0,0.0,0.0,1.0,0.0,3.0,0.0,0.0,0.0,0.0,0.0,0.0,0.0,0.0,0.0,0.0,Matches,Liverpool,
Wataru Endo,jp JPN,MF,31-266,3.0,0,4.0,0.0,0.0,0.0,0.0,0.0,0.0,0.0,0.0,0.0,0.0,0.0,0.0,0.0,0.0,1.0,0.0,0.0,0.0,0.0,0.0,0.0,0.0,0.44,0.44,0.0,0.44,Matches,Liverpool,
Harvey Davies,eng ENG,GK,21-059,0.0,0,,,,,,,,,,,,,,,,,,,,,,,,,,,,Matches,Liverpool,
Tyler Morton,eng ENG,MF,22-001,0.0,0,,,,,,,,,,,,,,,,,,,,,,,,,,,,Matches,Liverpool,
Squad Total,,,27.5,9.0,99,810.0,9.0,17.0,14.0,31.0,15.0,2.0,2.0,20.0,0.0,16.5,14.9,12.8,27.7,186.0,383.0,377.0,1.89,1.56,3.44,1.67,3.22,1.83,1.42,3.25,1.66,3.08,,Liverpool,
Opponent Total,,,26.1,9.0,99,810.0,9.0,5.0,4.0,9.0,5.0,0.0,0.0,29.0,0.0,7.0,7.0,5.9,12.9,135.0,284.0,278.0,0.56,0.44,1.0,0.56,1.0,0.78,0.65,1.43,0.78,1.43,,Liverpool,
Kai Havertz,de GER,FW,25-143,9.0,9,810.0,9.0,4.0,1.0,5.0,4.0,0.0,0.0,0.0,0.0,4.5,4.5,1.0,5.5,20.0,29.0,53.0,0.44,0.11,0.56,0.44,0.56,0.5,0.11,0.61,0.5,0.61,Matches,Arsenal,
David Raya,es ESP,GK,29-047,9.0,9,810.0,9.0,0.0,0.0,0.0,0.0,0.0,0.0,2.0,0.0,0.0,0.0,0.0,0.0,0.0,3.0,0.0,0.0,0.0,0.0,0.0,0.0,0.0,0.0,0.0,0.0,0.0,Matches,Arsenal,
Thomas Partey,gh GHA,"MF,DF",31-141,9.0,9,797.0,8.9,1.0,0.0,1.0,1.0,0.0,0.0,2.0,0.0,0.3,0.3,0.2,0.5,4.0,47.0,6.0,0.11,0.0,0.11,0.11,0.11,0.04,0.02,0.06,0.04,0.06,Matches,Arsenal,
Gabriel Magalhães,br BRA,DF,26-318,9.0,9,773.0,8.6,2.0,0.0,2.0,2.0,0.0,0.0,1.0,0.0,1.4,1.4,0.3,1.7,2.0,23.0,4.0,0.23,0.0,0.23,0.23,0.23,0.17,0.03,0.2,0.17,0.2,Matches,Arsenal,
Declan Rice,eng ENG,MF,25-292,8.0,8,672.0,7.5,0.0,1.0,1.0,0.0,0.0,0.0,4.0,1.0,0.4,0.4,1.3,1.7,22.0,51.0,25.0,0.0,0.13,0.13,0.0,0.13,0.05,0.17,0.22,0.05,0.22,Matches,Arsenal,
William Saliba,fr FRA,DF,23-222,8.0,8,659.0,7.3,0.0,0.0,0.0,0.0,0.0,0.0,2.0,1.0,0.0,0.0,0.0,0.0,3.0,23.0,0.0,0.0,0.0,0.0,0.0,0.0,0.0,0.0,0.0,0.0,0.0,Matches,Arsenal,
Bukayo Saka,eng ENG,"MF,FW",23-057,8.0,8,650.0,7.2,3.0,7.0,10.0,3.0,0.0,0.0,1.0,0.0,2.3,2.3,3.5,5.8,33.0,31.0,80.0,0.42,0.97,1.38,0.42,1.38,0.31,0.49,0.8,0.31,0.8,Matches,Arsenal,
Ben White,eng ENG,DF,27-024,7.0,6,585.0,6.5,0.0,1.0,1.0,0.0,0.0,0.0,1.0,0.0,0.1,0.1,0.2,0.3,2.0,23.0,10.0,0.0,0.15,0.15,0.0,0.15,0.02,0.03,0.04,0.02,0.04,Matches,Arsenal,
Gabriel Martinelli,br BRA,"MF,FW",23-136,9.0,6,552.0,6.1,2.0,2.0,4.0,2.0,0.0,0.0,0.0,0.0,1.5,1.5,1.7,3.3,34.0,12.0,70.0,0.33,0.33,0.65,0.33,0.65,0.25,0.29,0.53,0.25,0.53,Matches,Arsenal,
Jurriën Timber,nl NED,DF,23-137,7.0,6,523.0,5.8,0.0,1.0,1.0,0.0,0.0,0.0,2.0,0.0,0.3,0.3,0.5,0.8,9.0,22.0,19.0,0.0,0.17,0.17,0.0,0.17,0.05,0.08,0.13,0.05,0.13,Matches,Arsenal,
Leandro Trossard,be BEL,FW,29-333,9.0,6,490.0,5.4,2.0,0.0,2.0,2.0,0.0,0.0,2.0,1.0,1.5,1.5,0.7,2.2,13.0,22.0,26.0,0.37,0.0,0.37,0.37,0.37,0.27,0.13,0.4,0.27,0.4,Matches,Arsenal,
Riccardo Calafiori,it ITA,DF,22-166,6.0,4,386.0,4.3,1.0,0.0,1.0,1.0,0.0,0.0,1.0,0.0,0.5,0.5,0.1,0.6,3.0,18.0,9.0,0.23,0.0,0.23,0.23,0.23,0.12,0.02,0.14,0.12,0.14,Matches,Arsenal,
Martin Ødegaard,no NOR,MF,25-320,3.0,3,253.0,2.8,0.0,0.0,0.0,0.0,0.0,0.0,1.0,0.0,0.4,0.4,0.3,0.7,8.0,19.0,11.0,0.0,0.0,0.0,0.0,0.0,0.16,0.1,0.26,0.16,0.26,Matches,Arsenal,
Mikel Merino,es ESP,"MF,FW",28-132,3.0,2,200.0,2.2,1.0,0.0,1.0,1.0,0.0,0.0,0.0,0.0,0.6,0.6,0.5,1.0,2.0,10.0,12.0,0.45,0.0,0.45,0.45,0.45,0.25,0.21,0.46,0.25,0.46,Matches,Arsenal,
Jorginho,it ITA,MF,32-317,2.0,2,150.0,1.7,0.0,0.0,0.0,0.0,0.0,0.0,1.0,0.0,0.0,0.0,0.0,0.1,2.0,8.0,0.0,0.0,0.0,0.0,0.0,0.0,0.02,0.02,0.05,0.02,0.05,Matches,Arsenal,
Raheem Sterling,eng ENG,"MF,FW",29-329,4.0,2,123.0,1.4,0.0,0.0,0.0,0.0,0.0,0.0,0.0,0.0,0.3,0.3,0.0,0.4,9.0,3.0,12.0,0.0,0.0,0.0,0.0,0.0,0.24,0.03,0.28,0.24,0.28,Matches,Arsenal,
Gabriel Jesus,br BRA,"FW,MF",27-212,7.0,1,97.0,1.1,0.0,0.0,0.0,0.0,0.0,0.0,3.0,0.0,0.6,0.6,0.4,1.0,6.0,2.0,8.0,0.0,0.0,0.0,0.0,0.0,0.54,0.36,0.9,0.54,0.9,Matches,Arsenal,
Oleksandr Zinchenko,ua UKR,DF,27-322,2.0,1,79.0,0.9,0.0,0.0,0.0,0.0,0.0,0.0,0.0,0.0,0.0,0.0,0.0,0.0,1.0,6.0,2.0,0.0,0.0,0.0,0.0,0.0,0.0,0.0,0.0,0.0,0.0,Matches,Arsenal,
Jakub Kiwior,pl POL,DF,24-260,4.0,0,99.0,1.1,0.0,0.0,0.0,0.0,0.0,0.0,0.0,0.0,0.0,0.0,0.0,0.0,0.0,1.0,0.0,0.0,0.0,0.0,0.0,0.0,0.0,0.0,0.0,0.0,0.0,Matches,Arsenal,
Ethan Nwaneri,eng ENG,"MF,FW",17-225,4.0,0,27.0,0.3,0.0,0.0,0.0,0.0,0.0,0.0,0.0,0.0,0.0,0.0,0.1,0.1,3.0,2.0,4.0,0.0,0.0,0.0,0.0,0.0,0.07,0.35,0.42,0.07,0.42,Matches,Arsenal,
Myles Lewis-Skelly,eng ENG,DF,18-036,2.0,0,16.0,0.2,0.0,0.0,0.0,0.0,0.0,0.0,1.0,0.0,0.0,0.0,0.0,0.0,1.0,2.0,1.0,0.0,0.0,0.0,0.0,0.0,0.0,0.0,0.0,0.0,0.0,Matches,Arsenal,
Takehiro Tomiyasu,jp JPN,DF,25-362,1.0,0,7.0,0.1,0.0,0.0,0.0,0.0,0.0,0.0,0.0,0.0,0.2,0.2,0.0,0.2,0.0,1.0,0.0,0.0,0.0,0.0,0.0,0.0,2.37,0.0,2.37,2.37,2.37,Matches,Arsenal,
Reiss Nelson,eng ENG,FW,24-327,1.0,0,3.0,0.0,0.0,0.0,0.0,0.0,0.0,0.0,0.0,0.0,0.0,0.0,0.0,0.0,0.0,0.0,0.0,0.0,0.0,0.0,0.0,0.0,0.0,0.0,0.0,0.0,0.0,Matches,Arsenal,
Nathan Butler-Oyedeji,eng ENG,FW,21-302,0.0,0,,,,,,,,,,,,,,,,,,,,,,,,,,,,Matches,Arsenal,
Ayden Heaven,eng ENG,MF,18-040,0.0,0,,,,,,,,,,,,,,,,,,,,,,,,,,,,Matches,Arsenal,
Ismeal Kabia,eng ENG,MF,18-327,0.0,0,,,,,,,,,,,,,,,,,,,,,,,,,,,,Matches,Arsenal,
Maldini Kacurri,al ALB,DF,19-028,0.0,0,,,,,,,,,,,,,,,,,,,,,,,,,,,,Matches,Arsenal,
Neto,br BRA,GK,35-105,0.0,0,,,,,,,,,,,,,,,,,,,,,,,,,,,,Matches,Arsenal,
Josh Nichols,eng ENG,DF,18-098,0.0,0,,,,,,,,,,,,,,,,,,,,,,,,,,,,Matches,Arsenal,
Eddie Nketiah,eng ENG,FW,25-155,0.0,0,,,,,,,,,,,,,,,,,,,,,,,,,,,,Matches,Arsenal,
Salah Oulad M'Hand,nl NED,MF,21-073,0.0,0,,,,,,,,,,,,,,,,,,,,,,,,,,,,Matches,Arsenal,
Aaron Ramsdale,eng ENG,GK,26-171,0.0,0,,,,,,,,,,,,,,,,,,,,,,,,,,,,Matches,Arsenal,
Tommy Setford,eng ENG,GK,18-233,0.0,0,,,,,,,,,,,,,,,,,,,,,,,,,,,,Matches,Arsenal,
Squad Total,,,26.4,9.0,99,810.0,9.0,16.0,13.0,29.0,16.0,0.0,0.0,24.0,3.0,14.4,14.4,10.6,25.1,177.0,358.0,352.0,1.78,1.44,3.22,1.78,3.22,1.6,1.18,2.78,1.6,2.78,,Arsenal,
Opponent Total,,,26.3,9.0,99,810.0,9.0,10.0,7.0,17.0,9.0,1.0,1.0,23.0,0.0,9.9,9.1,6.4,15.5,203.0,293.0,291.0,1.11,0.78,1.89,1.0,1.78,1.1,0.71,1.81,1.01,1.72,,Arsenal,
Emiliano Martínez,ar ARG,GK,32-060,,9,810.0,9.0,0.0,0.0,0.0,0.0,0.0,0.0,1.0,0.0,0.0,0.0,0.0,0.0,0.0,0.0,0.0,0.0,0.0,0.0,0.0,0.0,0.0,0.0,0.0,0.0,0.0,Matches,Aston-Villa,9.0
Pau Torres,es ESP,DF,27-290,,9,810.0,9.0,0.0,0.0,0.0,0.0,0.0,0.0,1.0,0.0,0.2,0.2,0.0,0.2,20.0,33.0,4.0,0.0,0.0,0.0,0.0,0.0,0.02,0.0,0.02,0.02,0.02,Matches,Aston-Villa,9.0
Youri Tielemans,be BEL,MF,27-178,,9,803.0,8.9,0.0,3.0,3.0,0.0,0.0,0.0,2.0,0.0,0.5,0.5,2.2,2.8,14.0,69.0,10.0,0.0,0.34,0.34,0.0,0.34,0.06,0.25,0.31,0.06,0.31,Matches,Aston-Villa,9.0
Morgan Rogers,eng ENG,"MF,FW",22-098,,9,741.0,8.2,2.0,2.0,4.0,2.0,0.0,0.0,2.0,0.0,1.7,1.7,2.2,3.9,25.0,26.0,46.0,0.24,0.24,0.49,0.24,0.49,0.2,0.27,0.47,0.2,0.47,Matches,Aston-Villa,9.0
Ollie Watkins,eng ENG,FW,28-307,,9,685.0,7.6,5.0,2.0,7.0,5.0,0.0,0.0,0.0,0.0,4.3,4.3,1.0,5.3,10.0,4.0,43.0,0.66,0.26,0.92,0.66,0.92,0.57,0.13,0.7,0.57,0.7,Matches,Aston-Villa,9.0
Lucas Digne,fr FRA,DF,31-104,,9,678.0,7.5,0.0,2.0,2.0,0.0,0.0,0.0,3.0,0.0,0.3,0.3,1.4,1.7,4.0,13.0,42.0,0.0,0.27,0.27,0.0,0.27,0.03,0.19,0.22,0.03,0.22,Matches,Aston-Villa,9.0
Ezri Konsa,eng ENG,DF,27-009,,8,641.0,7.1,1.0,0.0,1.0,1.0,0.0,0.0,0.0,0.0,0.4,0.4,0.1,0.5,8.0,29.0,4.0,0.14,0.0,0.14,0.14,0.14,0.05,0.02,0.07,0.05,0.07,Matches,Aston-Villa,8.0
Amadou Onana,be BEL,MF,23-077,,8,540.0,6.0,2.0,0.0,2.0,2.0,0.0,0.0,3.0,0.0,1.3,1.3,0.1,1.4,7.0,18.0,4.0,0.33,0.0,0.33,0.33,0.33,0.22,0.02,0.24,0.22,0.24,Matches,Aston-Villa,8.0
Leon Bailey,jm JAM,"FW,MF",27-084,,6,428.0,4.8,0.0,2.0,2.0,0.0,0.0,0.0,2.0,0.0,0.4,0.4,1.0,1.4,20.0,16.0,37.0,0.0,0.42,0.42,0.0,0.42,0.08,0.21,0.29,0.08,0.29,Matches,Aston-Villa,8.0
John McGinn,sct SCO,"MF,FW",30-014,,6,427.0,4.7,0.0,0.0,0.0,0.0,0.0,0.0,2.0,0.0,0.5,0.5,0.2,0.7,10.0,17.0,23.0,0.0,0.0,0.0,0.0,0.0,0.1,0.04,0.14,0.1,0.14,Matches,Aston-Villa,7.0
Jacob Ramsey,eng ENG,"FW,MF",23-157,,5,509.0,5.7,0.0,2.0,2.0,0.0,0.0,0.0,1.0,0.0,0.5,0.5,1.3,1.8,24.0,23.0,48.0,0.0,0.35,0.35,0.0,0.35,0.1,0.22,0.32,0.1,0.32,Matches,Aston-Villa,8.0
Matty Cash,pl POL,DF,27-086,,5,366.0,4.1,0.0,0.0,0.0,0.0,0.0,0.0,1.0,0.0,0.0,0.0,0.2,0.2,8.0,12.0,6.0,0.0,0.0,0.0,0.0,0.0,0.01,0.04,0.05,0.01,0.05,Matches,Aston-Villa,5.0
Diego Carlos,br BRA,DF,31-231,,3,349.0,3.9,0.0,0.0,0.0,0.0,0.0,0.0,0.0,0.0,0.0,0.0,0.0,0.0,1.0,12.0,0.0,0.0,0.0,0.0,0.0,0.0,0.0,0.0,0.0,0.0,0.0,Matches,Aston-Villa,4.0
Lamare Bogarde,nl NED,DF,20-301,,2,168.0,1.9,0.0,0.0,0.0,0.0,0.0,0.0,1.0,0.0,0.0,0.0,0.1,0.1,3.0,6.0,5.0,0.0,0.0,0.0,0.0,0.0,0.0,0.04,0.04,0.0,0.04,Matches,Aston-Villa,2.0
Ross Barkley,eng ENG,MF,30-332,,1,277.0,3.1,1.0,1.0,2.0,1.0,0.0,0.0,3.0,0.0,0.8,0.8,0.2,1.0,8.0,16.0,4.0,0.32,0.32,0.65,0.32,0.65,0.25,0.08,0.33,0.25,0.33,Matches,Aston-Villa,8.0
Jaden Philogene Bidace,eng ENG,"FW,MF",22-267,,1,164.0,1.8,0.0,0.0,0.0,0.0,0.0,0.0,3.0,1.0,0.2,0.2,0.0,0.2,0.0,2.0,6.0,0.0,0.0,0.0,0.0,0.0,0.12,0.0,0.12,0.12,0.12,Matches,Aston-Villa,5.0
Jhon Durán,co COL,FW,20-324,,0,241.0,2.7,4.0,0.0,4.0,4.0,0.0,0.0,1.0,0.0,2.4,2.4,0.0,2.4,3.0,5.0,16.0,1.49,0.0,1.49,1.49,1.49,0.89,0.02,0.9,0.89,0.9,Matches,Aston-Villa,9.0
Ian Maatsen,nl NED,DF,22-236,,0,144.0,1.6,0.0,0.0,0.0,0.0,0.0,0.0,0.0,0.0,0.0,0.0,0.8,0.9,3.0,8.0,12.0,0.0,0.0,0.0,0.0,0.0,0.01,0.53,0.54,0.01,0.54,Matches,Aston-Villa,8.0
Kosta Nedeljković,rs SRB,DF,18-321,,0,96.0,1.1,0.0,0.0,0.0,0.0,0.0,0.0,0.0,0.0,0.0,0.0,0.0,0.0,1.0,3.0,0.0,0.0,0.0,0.0,0.0,0.0,0.0,0.0,0.0,0.0,0.0,Matches,Aston-Villa,3.0
Emi Buendía,ar ARG,"MF,FW",27-312,,0,23.0,0.3,0.0,0.0,0.0,0.0,0.0,0.0,0.0,0.0,0.1,0.1,0.0,0.1,2.0,3.0,4.0,0.0,0.0,0.0,0.0,0.0,0.34,0.0,0.34,0.34,0.34,Matches,Aston-Villa,4.0
Boubacar Kamara,fr FRA,MF,24-344,,0,9.0,0.1,0.0,0.0,0.0,0.0,0.0,0.0,0.0,0.0,0.0,0.0,0.0,0.0,0.0,1.0,0.0,0.0,0.0,0.0,0.0,0.0,0.0,0.0,0.0,0.0,0.0,Matches,Aston-Villa,1.0
Joe Gauci,au AUS,GK,24-120,,0,,,,,,,,,,,,,,,,,,,,,,,,,,,,Matches,Aston-Villa,0.0
Tyrone Mings,eng ENG,DF,31-233,,0,,,,,,,,,,,,,,,,,,,,,,,,,,,,Matches,Aston-Villa,0.0
Robin Olsen,se SWE,GK,34-298,,0,,,,,,,,,,,,,,,,,,,,,,,,,,,,Matches,Aston-Villa,0.0
Sil Swinkels,nl NED,DF,20-300,,0,,,,,,,,,,,,,,,,,,,,,,,,,,,,Matches,Aston-Villa,0.0
Kadan Young,eng ENG,MF,18-287,,0,,,,,,,,,,,,,,,,,,,,,,,,,,,,Matches,Aston-Villa,0.0
Oliwier Zych,pl POL,GK,20-126,,0,,,,,,,,,,,,,,,,,,,,,,,,,,,,Matches,Aston-Villa,0.0
Squad Total,,,27.2,,99,810.0,9.0,15.0,14.0,29.0,15.0,0.0,0.0,26.0,1.0,13.2,13.2,10.8,24.0,171.0,316.0,314.0,1.67,1.56,3.22,1.67,3.22,1.46,1.2,2.66,1.46,2.66,,Aston-Villa,9.0
Opponent Total,,,27.2,,99,810.0,9.0,11.0,7.0,18.0,10.0,1.0,2.0,36.0,1.0,8.8,7.3,5.8,13.1,147.0,269.0,265.0,1.22,0.78,2.0,1.11,1.89,0.98,0.65,1.63,0.81,1.45,,Aston-Villa,9.0
Robert Sánchez,es ESP,GK,26-349,9.0,9,810.0,9.0,0.0,0.0,0.0,0.0,0.0,0.0,2.0,0.0,0.0,0.0,0.0,0.0,0.0,0.0,0.0,0.0,0.0,0.0,0.0,0.0,0.0,0.0,0.0,0.0,0.0,Matches,Chelsea,
Levi Colwill,eng ENG,DF,21-249,9.0,9,809.0,9.0,0.0,0.0,0.0,0.0,0.0,0.0,2.0,0.0,0.2,0.2,0.6,0.8,3.0,35.0,0.0,0.0,0.0,0.0,0.0,0.0,0.02,0.07,0.08,0.02,0.08,Matches,Chelsea,
Moisés Caicedo,ec ECU,MF,22-365,9.0,9,795.0,8.8,0.0,2.0,2.0,0.0,0.0,0.0,2.0,0.0,0.2,0.2,1.5,1.7,9.0,44.0,11.0,0.0,0.23,0.23,0.0,0.23,0.03,0.17,0.2,0.03,0.2,Matches,Chelsea,
Cole Palmer,eng ENG,"MF,FW",22-179,9.0,9,775.0,8.6,7.0,5.0,12.0,6.0,1.0,1.0,3.0,0.0,4.8,4.0,4.2,8.1,29.0,54.0,42.0,0.81,0.58,1.39,0.7,1.28,0.56,0.48,1.04,0.46,0.95,Matches,Chelsea,
Nicolas Jackson,sn SEN,FW,23-134,9.0,9,689.0,7.7,6.0,3.0,9.0,6.0,0.0,0.0,3.0,0.0,6.0,6.0,1.1,7.2,18.0,13.0,28.0,0.78,0.39,1.18,0.78,1.18,0.79,0.15,0.94,0.79,0.94,Matches,Chelsea,
Wesley Fofana,fr FRA,DF,23-320,8.0,8,686.0,7.6,0.0,0.0,0.0,0.0,0.0,0.0,6.0,0.0,0.0,0.0,0.4,0.4,7.0,15.0,3.0,0.0,0.0,0.0,0.0,0.0,0.01,0.05,0.06,0.01,0.06,Matches,Chelsea,
Noni Madueke,eng ENG,FW,22-236,8.0,8,618.0,6.9,4.0,0.0,4.0,4.0,0.0,0.0,1.0,0.0,2.0,2.0,1.3,3.3,46.0,16.0,64.0,0.58,0.0,0.58,0.58,0.58,0.29,0.19,0.48,0.29,0.48,Matches,Chelsea,
Marc Cucurella,es ESP,DF,26-102,8.0,7,603.0,6.7,0.0,0.0,0.0,0.0,0.0,0.0,5.0,0.0,0.0,0.0,0.2,0.2,7.0,19.0,16.0,0.0,0.0,0.0,0.0,0.0,0.0,0.03,0.03,0.0,0.03,Matches,Chelsea,
Malo Gusto,fr FRA,DF,21-166,7.0,7,600.0,6.7,0.0,0.0,0.0,0.0,0.0,0.0,1.0,0.0,0.5,0.5,0.1,0.6,11.0,32.0,24.0,0.0,0.0,0.0,0.0,0.0,0.07,0.02,0.09,0.07,0.09,Matches,Chelsea,
Enzo Fernández,ar ARG,MF,23-289,8.0,6,568.0,6.3,0.0,0.0,0.0,0.0,0.0,0.0,1.0,0.0,0.3,0.3,1.1,1.4,5.0,34.0,18.0,0.0,0.0,0.0,0.0,0.0,0.05,0.18,0.22,0.05,0.22,Matches,Chelsea,
Jadon Sancho,eng ENG,FW,24-221,5.0,4,305.0,3.4,0.0,3.0,3.0,0.0,0.0,0.0,1.0,0.0,0.1,0.1,1.1,1.2,17.0,17.0,38.0,0.0,0.89,0.89,0.0,0.89,0.02,0.33,0.35,0.02,0.35,Matches,Chelsea,
Pedro Neto,pt POR,FW,24-237,9.0,3,378.0,4.2,0.0,2.0,2.0,0.0,0.0,0.0,3.0,0.0,0.3,0.3,1.5,1.9,25.0,6.0,44.0,0.0,0.48,0.48,0.0,0.48,0.07,0.37,0.44,0.07,0.44,Matches,Chelsea,
Roméo Lavia,be BEL,MF,20-300,4.0,3,201.0,2.2,0.0,1.0,1.0,0.0,0.0,0.0,1.0,0.0,0.0,0.0,0.5,0.5,1.0,7.0,2.0,0.0,0.45,0.45,0.0,0.45,0.0,0.23,0.23,0.0,0.23,Matches,Chelsea,
Tosin Adarabioyo,eng ENG,DF,27-038,4.0,2,173.0,1.9,0.0,0.0,0.0,0.0,0.0,0.0,1.0,0.0,0.0,0.0,0.0,0.0,0.0,2.0,0.0,0.0,0.0,0.0,0.0,0.0,0.0,0.01,0.01,0.0,0.01,Matches,Chelsea,
Reece James,eng ENG,DF,24-329,2.0,2,142.0,1.6,0.0,0.0,0.0,0.0,0.0,0.0,0.0,0.0,0.0,0.0,0.0,0.0,0.0,4.0,0.0,0.0,0.0,0.0,0.0,0.0,0.0,0.0,0.0,0.0,0.0,Matches,Chelsea,
Renato Veiga,pt POR,"DF,MF",21-095,5.0,1,168.0,1.9,0.0,0.0,0.0,0.0,0.0,0.0,2.0,0.0,0.2,0.2,0.0,0.2,4.0,7.0,2.0,0.0,0.0,0.0,0.0,0.0,0.08,0.0,0.08,0.08,0.08,Matches,Chelsea,
Christopher Nkunku,fr FRA,FW,26-353,9.0,1,159.0,1.8,1.0,0.0,1.0,1.0,0.0,0.0,1.0,0.0,1.7,1.7,0.3,2.0,5.0,7.0,18.0,0.57,0.0,0.57,0.57,0.57,0.96,0.17,1.13,0.96,1.13,Matches,Chelsea,
Mykhailo Mudryk,ua UKR,FW,23-301,5.0,1,107.0,1.2,0.0,0.0,0.0,0.0,0.0,0.0,0.0,0.0,0.3,0.3,1.0,1.2,6.0,5.0,7.0,0.0,0.0,0.0,0.0,0.0,0.21,0.82,1.03,0.21,1.03,Matches,Chelsea,
Axel Disasi,fr FRA,DF,26-235,2.0,1,94.0,1.0,0.0,0.0,0.0,0.0,0.0,0.0,0.0,0.0,0.0,0.0,0.0,0.0,1.0,5.0,0.0,0.0,0.0,0.0,0.0,0.0,0.0,0.0,0.0,0.0,0.0,Matches,Chelsea,
João Félix,pt POR,"MF,FW",24-357,5.0,0,122.0,1.4,1.0,0.0,1.0,1.0,0.0,0.0,1.0,0.0,0.7,0.7,0.0,0.7,7.0,8.0,11.0,0.74,0.0,0.74,0.74,0.74,0.51,0.02,0.52,0.51,0.52,Matches,Chelsea,
Kiernan Dewsbury-Hall,eng ENG,MF,26-056,3.0,0,46.0,0.5,0.0,0.0,0.0,0.0,0.0,0.0,0.0,0.0,0.0,0.0,0.1,0.1,3.0,2.0,1.0,0.0,0.0,0.0,0.0,0.0,0.0,0.18,0.18,0.0,0.18,Matches,Chelsea,
Benoît Badiashile,fr FRA,DF,23-220,1.0,0,38.0,0.4,0.0,0.0,0.0,0.0,0.0,0.0,0.0,0.0,0.0,0.0,0.0,0.0,1.0,3.0,1.0,0.0,0.0,0.0,0.0,0.0,0.0,0.0,0.0,0.0,0.0,Matches,Chelsea,
Marc Guiu,es ESP,FW,18-302,1.0,0,24.0,0.3,0.0,0.0,0.0,0.0,0.0,0.0,0.0,0.0,0.0,0.0,0.0,0.0,0.0,0.0,0.0,0.0,0.0,0.0,0.0,0.0,0.0,0.0,0.0,0.0,0.0,Matches,Chelsea,
Marcus Bettinelli,eng ENG,GK,32-161,0.0,0,,,,,,,,,,,,,,,,,,,,,,,,,,,,Matches,Chelsea,
Cesare Casadei,it ITA,MF,21-296,0.0,0,,,,,,,,,,,,,,,,,,,,,,,,,,,,Matches,Chelsea,
Filip Jørgensen,dk DEN,GK,22-199,0.0,0,,,,,,,,,,,,,,,,,,,,,,,,,,,,Matches,Chelsea,
Squad Total,,,23.7,9.0,99,810.0,9.0,19.0,16.0,35.0,18.0,1.0,1.0,36.0,0.0,17.0,16.2,14.8,31.0,205.0,335.0,330.0,2.11,1.78,3.89,2.0,3.78,1.89,1.65,3.53,1.8,3.45,,Chelsea,
Opponent Total,,,26.9,9.0,99,810.0,9.0,11.0,7.0,18.0,10.0,1.0,2.0,29.0,1.0,11.5,10.0,7.8,17.7,161.0,327.0,325.0,1.22,0.78,2.0,1.11,1.89,1.28,0.86,2.15,1.11,1.97,,Chelsea,
Danny Welbeck,eng ENG,FW,33-341,9.0,9,749.0,8.3,6.0,1.0,7.0,6.0,0.0,0.0,1.0,0.0,4.5,4.5,0.4,4.9,7.0,19.0,34.0,0.72,0.12,0.84,0.72,0.84,0.55,0.05,0.59,0.55,0.59,Matches,Brighton-and-Hove-Albion,
Kaoru Mitoma,jp JPN,"FW,MF",27-165,9.0,8,740.0,8.2,1.0,2.0,3.0,1.0,0.0,0.0,0.0,0.0,2.3,2.3,2.2,4.4,52.0,26.0,97.0,0.12,0.24,0.36,0.12,0.36,0.27,0.27,0.54,0.27,0.54,Matches,Brighton-and-Hove-Albion,
Lewis Dunk,eng ENG,DF,32-346,8.0,8,705.0,7.8,0.0,0.0,0.0,0.0,0.0,0.0,2.0,0.0,0.2,0.2,0.4,0.7,8.0,56.0,1.0,0.0,0.0,0.0,0.0,0.0,0.03,0.05,0.09,0.03,0.09,Matches,Brighton-and-Hove-Albion,
Joël Veltman,nl NED,DF,32-291,8.0,8,701.0,7.8,0.0,0.0,0.0,0.0,0.0,0.0,1.0,0.0,0.1,0.1,0.3,0.3,16.0,29.0,15.0,0.0,0.0,0.0,0.0,0.0,0.01,0.03,0.04,0.01,0.04,Matches,Brighton-and-Hove-Albion,
Jack Hinshelwood,eng ENG,"DF,MF",19-204,8.0,8,697.0,7.7,1.0,0.0,1.0,1.0,0.0,0.0,2.0,0.0,0.4,0.4,0.3,0.7,8.0,26.0,27.0,0.13,0.0,0.13,0.13,0.13,0.05,0.04,0.09,0.05,0.09,Matches,Brighton-and-Hove-Albion,
Bart Verbruggen,nl NED,GK,22-075,7.0,7,630.0,7.0,0.0,0.0,0.0,0.0,0.0,0.0,2.0,0.0,0.0,0.0,0.0,0.0,0.0,0.0,0.0,0.0,0.0,0.0,0.0,0.0,0.0,0.0,0.0,0.0,0.0,Matches,Brighton-and-Hove-Albion,
Carlos Baleba,cm CMR,MF,20-303,8.0,7,572.0,6.4,1.0,1.0,2.0,1.0,0.0,0.0,1.0,0.0,0.8,0.8,0.3,1.1,9.0,35.0,4.0,0.16,0.16,0.31,0.16,0.31,0.13,0.05,0.18,0.13,0.18,Matches,Brighton-and-Hove-Albion,
Jan Paul van Hecke,nl NED,DF,24-146,7.0,6,549.0,6.1,0.0,1.0,1.0,0.0,0.0,0.0,1.0,0.0,0.1,0.1,0.2,0.2,9.0,58.0,0.0,0.0,0.16,0.16,0.0,0.16,0.01,0.03,0.03,0.01,0.03,Matches,Brighton-and-Hove-Albion,
Georginio Rutter,fr FRA,"FW,MF",22-195,8.0,6,448.0,5.0,2.0,2.0,4.0,2.0,0.0,0.0,1.0,0.0,1.5,1.5,1.3,2.7,13.0,32.0,35.0,0.4,0.4,0.8,0.4,0.8,0.29,0.25,0.55,0.29,0.55,Matches,Brighton-and-Hove-Albion,
Yankuba Minteh,gm GAM,"FW,MF",20-102,7.0,5,406.0,4.5,1.0,1.0,2.0,1.0,0.0,0.0,2.0,0.0,0.8,0.8,1.5,2.3,17.0,12.0,54.0,0.22,0.22,0.44,0.22,0.44,0.18,0.34,0.52,0.18,0.52,Matches,Brighton-and-Hove-Albion,
Ferdi Kadioglu,tr TUR,"DF,MF",25-025,5.0,4,299.0,3.3,0.0,0.0,0.0,0.0,0.0,0.0,0.0,0.0,0.2,0.2,0.1,0.4,1.0,15.0,22.0,0.0,0.0,0.0,0.0,0.0,0.07,0.04,0.11,0.07,0.11,Matches,Brighton-and-Hove-Albion,
Yasin Ayari,se SWE,MF,21-026,7.0,3,372.0,4.1,0.0,0.0,0.0,0.0,0.0,0.0,1.0,0.0,0.6,0.6,0.4,1.0,8.0,14.0,25.0,0.0,0.0,0.0,0.0,0.0,0.14,0.09,0.24,0.14,0.24,Matches,Brighton-and-Hove-Albion,
Pervis Estupiñán,ec ECU,DF,26-285,6.0,3,344.0,3.8,0.0,0.0,0.0,0.0,0.0,0.0,2.0,0.0,0.1,0.1,0.2,0.3,11.0,22.0,31.0,0.0,0.0,0.0,0.0,0.0,0.02,0.06,0.08,0.02,0.08,Matches,Brighton-and-Hove-Albion,
João Pedro,br BRA,"MF,FW",23-036,4.0,3,281.0,3.1,2.0,0.0,2.0,2.0,0.0,0.0,1.0,0.0,0.8,0.8,0.2,1.1,14.0,14.0,16.0,0.64,0.0,0.64,0.64,0.64,0.27,0.07,0.34,0.27,0.34,Matches,Brighton-and-Hove-Albion,
James Milner,eng ENG,MF,38-302,3.0,3,169.0,1.9,0.0,0.0,0.0,0.0,0.0,0.0,1.0,0.0,0.2,0.2,0.2,0.4,1.0,10.0,10.0,0.0,0.0,0.0,0.0,0.0,0.09,0.12,0.21,0.09,0.21,Matches,Brighton-and-Hove-Albion,
Igor,br BRA,DF,26-268,4.0,2,296.0,3.3,0.0,0.0,0.0,0.0,0.0,0.0,2.0,0.0,0.0,0.0,0.0,0.0,5.0,15.0,0.0,0.0,0.0,0.0,0.0,0.0,0.01,0.0,0.01,0.01,0.01,Matches,Brighton-and-Hove-Albion,
Mats Wieffer,nl NED,MF,24-351,6.0,2,222.0,2.5,0.0,1.0,1.0,0.0,0.0,0.0,0.0,0.0,0.1,0.1,0.1,0.2,4.0,16.0,2.0,0.0,0.41,0.41,0.0,0.41,0.06,0.04,0.1,0.06,0.1,Matches,Brighton-and-Hove-Albion,
Jason Steele,eng ENG,GK,34-075,2.0,2,180.0,2.0,0.0,0.0,0.0,0.0,0.0,0.0,0.0,0.0,0.0,0.0,0.0,0.0,0.0,0.0,0.0,0.0,0.0,0.0,0.0,0.0,0.0,0.0,0.0,0.0,0.0,Matches,Brighton-and-Hove-Albion,
Adam Webster,eng ENG,DF,29-302,3.0,2,79.0,0.9,0.0,0.0,0.0,0.0,0.0,0.0,0.0,0.0,0.0,0.0,0.0,0.0,0.0,10.0,1.0,0.0,0.0,0.0,0.0,0.0,0.0,0.0,0.0,0.0,0.0,Matches,Brighton-and-Hove-Albion,
Simon Adingra,ci CIV,"FW,MF",22-305,5.0,1,137.0,1.5,1.0,1.0,2.0,1.0,0.0,0.0,0.0,0.0,0.3,0.3,0.5,0.8,5.0,2.0,35.0,0.66,0.66,1.31,0.66,1.31,0.22,0.31,0.53,0.22,0.53,Matches,Brighton-and-Hove-Albion,
Evan Ferguson,ie IRL,FW,20-013,5.0,1,102.0,1.1,1.0,0.0,1.0,1.0,0.0,0.0,0.0,0.0,0.2,0.2,0.0,0.2,1.0,1.0,3.0,0.88,0.0,0.88,0.88,0.88,0.13,0.0,0.13,0.13,0.13,Matches,Brighton-and-Hove-Albion,
Billy Gilmour,sct SCO,MF,23-143,2.0,1,98.0,1.1,0.0,0.0,0.0,0.0,0.0,0.0,0.0,0.0,0.1,0.1,0.0,0.1,2.0,11.0,2.0,0.0,0.0,0.0,0.0,0.0,0.07,0.0,0.07,0.07,0.07,Matches,Brighton-and-Hove-Albion,
Julio Enciso,py PAR,"MF,FW",20-283,7.0,0,91.0,1.0,0.0,0.0,0.0,0.0,0.0,0.0,0.0,0.0,0.2,0.2,0.2,0.4,4.0,5.0,7.0,0.0,0.0,0.0,0.0,0.0,0.17,0.2,0.37,0.17,0.37,Matches,Brighton-and-Hove-Albion,
Brajan Gruda,de GER,"MF,FW",20-154,2.0,0,23.0,0.3,0.0,0.0,0.0,0.0,0.0,0.0,0.0,0.0,0.0,0.0,0.0,0.0,0.0,0.0,1.0,0.0,0.0,0.0,0.0,0.0,0.0,0.0,0.0,0.0,0.0,Matches,Brighton-and-Hove-Albion,
Tariq Lamptey,gh GHA,DF,24-032,1.0,0,11.0,0.1,0.0,1.0,1.0,0.0,0.0,0.0,0.0,0.0,0.0,0.0,0.1,0.1,1.0,0.0,1.0,0.0,8.18,8.18,0.0,8.18,0.0,0.62,0.62,0.0,0.62,Matches,Brighton-and-Hove-Albion,
Jeremy Sarmiento,ec ECU,MF,22-138,1.0,0,9.0,0.1,0.0,0.0,0.0,0.0,0.0,0.0,0.0,0.0,0.0,0.0,0.0,0.0,0.0,0.0,2.0,0.0,0.0,0.0,0.0,0.0,0.0,0.0,0.0,0.0,0.0,Matches,Brighton-and-Hove-Albion,
Valentín Barco,ar ARG,DF,20-101,0.0,0,,,,,,,,,,,,,,,,,,,,,,,,,,,,Matches,Brighton-and-Hove-Albion,
Killian Cahill,ie IRL,GK,20-364,0.0,0,,,,,,,,,,,,,,,,,,,,,,,,,,,,Matches,Brighton-and-Hove-Albion,
Jakub Moder,pl POL,MF,25-208,0.0,0,,,,,,,,,,,,,,,,,,,,,,,,,,,,Matches,Brighton-and-Hove-Albion,
Mark O'Mahony,ie IRL,FW,19-292,0.0,0,,,,,,,,,,,,,,,,,,,,,,,,,,,,Matches,Brighton-and-Hove-Albion,
Carl Rushworth,eng ENG,GK,23-122,0.0,0,,,,,,,,,,,,,,,,,,,,,,,,,,,,Matches,Brighton-and-Hove-Albion,
Imari Samuels,eng ENG,DF,21-270,0.0,0,,,,,,,,,,,,,,,,,,,,,,,,,,,,Matches,Brighton-and-Hove-Albion,
Squad Total,,,26.2,9.0,99,810.0,9.0,16.0,11.0,27.0,16.0,0.0,0.0,20.0,0.0,13.1,13.1,8.9,22.0,196.0,428.0,425.0,1.78,1.22,3.0,1.78,3.0,1.46,0.99,2.45,1.46,2.45,,Brighton-and-Hove-Albion,
Opponent Total,,,26.5,9.0,99,810.0,9.0,12.0,8.0,20.0,10.0,2.0,2.0,27.0,3.0,14.6,13.0,11.8,24.8,139.0,270.0,266.0,1.33,0.89,2.22,1.11,2.0,1.63,1.31,2.94,1.45,2.76,,Brighton-and-Hove-Albion,
Murillo,br BRA,DF,22-120,9.0,9,810.0,9.0,0.0,0.0,0.0,0.0,0.0,0.0,1.0,0.0,0.2,0.2,0.8,1.0,8.0,23.0,2.0,0.0,0.0,0.0,0.0,0.0,0.03,0.09,0.11,0.03,0.11,Matches,Nottingham-Forest,
Matz Sels,be BEL,GK,32-249,9.0,9,810.0,9.0,0.0,0.0,0.0,0.0,0.0,0.0,2.0,0.0,0.0,0.0,0.0,0.0,0.0,1.0,0.0,0.0,0.0,0.0,0.0,0.0,0.0,0.0,0.0,0.0,0.0,Matches,Nottingham-Forest,
Ola Aina,ng NGA,DF,28-024,9.0,9,773.0,8.6,0.0,0.0,0.0,0.0,0.0,0.0,1.0,0.0,0.1,0.1,0.3,0.4,22.0,37.0,13.0,0.0,0.0,0.0,0.0,0.0,0.01,0.04,0.04,0.01,0.04,Matches,Nottingham-Forest,
Chris Wood,nz NZL,FW,32-330,9.0,9,721.0,8.0,7.0,0.0,7.0,6.0,1.0,1.0,1.0,0.0,3.7,2.9,0.9,3.8,5.0,8.0,18.0,0.87,0.0,0.87,0.75,0.75,0.46,0.11,0.58,0.37,0.48,Matches,Nottingham-Forest,
Nikola Milenković,rs SRB,DF,27-020,8.0,8,720.0,8.0,0.0,1.0,1.0,0.0,0.0,0.0,1.0,0.0,1.2,1.2,0.2,1.4,0.0,10.0,0.0,0.0,0.12,0.12,0.0,0.12,0.15,0.03,0.17,0.15,0.17,Matches,Nottingham-Forest,
Elliot Anderson,eng ENG,"MF,FW",21-361,9.0,8,569.0,6.3,0.0,2.0,2.0,0.0,0.0,0.0,2.0,0.0,0.8,0.8,1.2,1.9,16.0,26.0,26.0,0.0,0.32,0.32,0.0,0.32,0.12,0.18,0.3,0.12,0.3,Matches,Nottingham-Forest,
Callum Hudson-Odoi,eng ENG,FW,23-360,9.0,7,639.0,7.1,1.0,0.0,1.0,1.0,0.0,0.0,1.0,0.0,0.7,0.7,1.0,1.7,40.0,19.0,61.0,0.14,0.0,0.14,0.14,0.14,0.1,0.13,0.23,0.1,0.23,Matches,Nottingham-Forest,
Morgan Gibbs-White,eng ENG,MF,24-279,6.0,6,506.0,5.6,1.0,0.0,1.0,1.0,0.0,0.0,3.0,1.0,0.8,0.8,0.8,1.7,11.0,28.0,24.0,0.18,0.0,0.18,0.18,0.18,0.15,0.15,0.3,0.15,0.3,Matches,Nottingham-Forest,
Anthony Elanga,se SWE,FW,22-188,9.0,6,498.0,5.5,0.0,1.0,1.0,0.0,0.0,0.0,1.0,0.0,0.6,0.6,0.6,1.2,16.0,11.0,35.0,0.0,0.18,0.18,0.0,0.18,0.11,0.11,0.22,0.11,0.22,Matches,Nottingham-Forest,
Álex Moreno,es ESP,DF,31-146,6.0,6,436.0,4.8,0.0,0.0,0.0,0.0,0.0,0.0,2.0,0.0,0.1,0.1,0.2,0.3,9.0,21.0,14.0,0.0,0.0,0.0,0.0,0.0,0.02,0.04,0.06,0.02,0.06,Matches,Nottingham-Forest,
Ryan Yates,eng ENG,MF,26-346,9.0,5,629.0,7.0,1.0,0.0,1.0,1.0,0.0,0.0,2.0,0.0,1.2,1.2,0.7,1.8,9.0,14.0,4.0,0.14,0.0,0.14,0.14,0.14,0.17,0.09,0.26,0.17,0.26,Matches,Nottingham-Forest,
Nicolás Domínguez,ar ARG,"MF,FW",26-126,7.0,4,357.0,4.0,0.0,0.0,0.0,0.0,0.0,0.0,3.0,0.0,0.5,0.5,0.0,0.6,5.0,17.0,6.0,0.0,0.0,0.0,0.0,0.0,0.14,0.0,0.14,0.14,0.14,Matches,Nottingham-Forest,
James Ward-Prowse,eng ENG,MF,30-000,4.0,4,286.0,3.2,0.0,0.0,0.0,0.0,0.0,0.0,2.0,1.0,0.1,0.1,0.0,0.1,1.0,11.0,1.0,0.0,0.0,0.0,0.0,0.0,0.02,0.01,0.02,0.02,0.02,Matches,Nottingham-Forest,
Neco Williams,wls WAL,DF,23-202,9.0,3,374.0,4.2,0.0,0.0,0.0,0.0,0.0,0.0,3.0,0.0,0.6,0.6,0.3,0.9,10.0,7.0,18.0,0.0,0.0,0.0,0.0,0.0,0.14,0.06,0.21,0.14,0.21,Matches,Nottingham-Forest,
Ibrahim Sangaré,ci CIV,MF,26-335,3.0,3,212.0,2.4,0.0,0.0,0.0,0.0,0.0,0.0,2.0,0.0,0.0,0.0,0.0,0.0,0.0,8.0,2.0,0.0,0.0,0.0,0.0,0.0,0.01,0.01,0.01,0.01,0.01,Matches,Nottingham-Forest,
Taiwo Awoniyi,ng NGA,FW,27-081,6.0,1,97.0,1.1,0.0,0.0,0.0,0.0,0.0,0.0,0.0,0.0,0.3,0.3,0.0,0.3,3.0,1.0,8.0,0.0,0.0,0.0,0.0,0.0,0.31,0.0,0.31,0.31,0.31,Matches,Nottingham-Forest,
Willy Boly,ci CIV,DF,33-272,2.0,1,91.0,1.0,0.0,0.0,0.0,0.0,0.0,0.0,0.0,0.0,0.1,0.1,0.0,0.1,0.0,2.0,0.0,0.0,0.0,0.0,0.0,0.0,0.07,0.0,0.07,0.07,0.07,Matches,Nottingham-Forest,
Danilo,br BRA,MF,23-186,1.0,1,14.0,0.2,0.0,0.0,0.0,0.0,0.0,0.0,0.0,0.0,0.0,0.0,0.0,0.0,0.0,0.0,0.0,0.0,0.0,0.0,0.0,0.0,0.0,0.0,0.0,0.0,0.0,Matches,Nottingham-Forest,
Jota Silva,pt POR,"MF,FW",25-092,8.0,0,159.0,1.8,0.0,1.0,1.0,0.0,0.0,0.0,1.0,0.0,0.3,0.3,0.7,0.9,8.0,5.0,8.0,0.0,0.57,0.57,0.0,0.57,0.14,0.39,0.53,0.14,0.53,Matches,Nottingham-Forest,
Ramón Sosa,py PAR,"MF,FW",25-062,5.0,0,81.0,0.9,1.0,0.0,1.0,1.0,0.0,0.0,0.0,0.0,0.6,0.6,0.3,0.9,5.0,2.0,5.0,1.11,0.0,1.11,1.11,1.11,0.67,0.33,1.0,0.67,1.0,Matches,Nottingham-Forest,
Morato,br BRA,DF,23-124,5.0,0,70.0,0.8,0.0,0.0,0.0,0.0,0.0,0.0,0.0,0.0,0.0,0.0,0.0,0.0,0.0,1.0,0.0,0.0,0.0,0.0,0.0,0.0,0.0,0.0,0.0,0.0,0.0,Matches,Nottingham-Forest,
Harry Toffolo,eng ENG,DF,29-074,1.0,0,37.0,0.4,0.0,0.0,0.0,0.0,0.0,0.0,0.0,0.0,0.0,0.0,0.0,0.0,0.0,1.0,4.0,0.0,0.0,0.0,0.0,0.0,0.04,0.0,0.04,0.04,0.04,Matches,Nottingham-Forest,
Carlos Miguel,br BRA,GK,26-023,0.0,0,,,,,,,,,,,,,,,,,,,,,,,,,,,,Matches,Nottingham-Forest,
Andrew Omobamidele,ie IRL,DF,22-131,0.0,0,,,,,,,,,,,,,,,,,,,,,,,,,,,,Matches,Nottingham-Forest,
Eric da Silva Moreira,de GER,DF,18-182,0.0,0,,,,,,,,,,,,,,,,,,,,,,,,,,,,Matches,Nottingham-Forest,
Squad Total,,,26.9,9.0,99,810.0,9.0,11.0,5.0,16.0,10.0,1.0,1.0,28.0,2.0,11.4,10.6,7.8,18.4,168.0,253.0,249.0,1.22,0.56,1.78,1.11,1.67,1.27,0.86,2.13,1.18,2.05,,Nottingham-Forest,
Opponent Total,,,26.6,9.0,99,810.0,9.0,7.0,4.0,11.0,6.0,1.0,1.0,35.0,0.0,9.4,8.6,6.6,15.2,241.0,470.0,468.0,0.78,0.44,1.22,0.67,1.11,1.04,0.74,1.78,0.96,1.69,,Nottingham-Forest,
Cristian Romero,ar ARG,DF,26-188,9.0,9,810.0,9.0,1.0,0.0,1.0,1.0,0.0,0.0,0.0,0.0,1.0,1.0,0.4,1.4,7.0,37.0,2.0,0.11,0.0,0.11,0.11,0.11,0.11,0.04,0.16,0.11,0.16,Matches,Tottenham-Hotspur,
Guglielmo Vicario,it ITA,GK,28-025,9.0,9,810.0,9.0,0.0,0.0,0.0,0.0,0.0,0.0,1.0,0.0,0.0,0.0,0.0,0.0,0.0,1.0,0.0,0.0,0.0,0.0,0.0,0.0,0.0,0.0,0.0,0.0,0.0,Matches,Tottenham-Hotspur,
Pedro Porro,es ESP,DF,25-049,9.0,9,806.0,9.0,1.0,0.0,1.0,1.0,0.0,0.0,1.0,0.0,0.7,0.7,1.1,1.8,24.0,57.0,32.0,0.11,0.0,0.11,0.11,0.11,0.07,0.12,0.2,0.07,0.2,Matches,Tottenham-Hotspur,
Destiny Udogie,it ITA,DF,21-339,9.0,9,744.0,8.3,0.0,1.0,1.0,0.0,0.0,0.0,2.0,0.0,0.3,0.3,1.0,1.3,22.0,50.0,49.0,0.0,0.12,0.12,0.0,0.12,0.04,0.12,0.16,0.04,0.16,Matches,Tottenham-Hotspur,
James Maddison,eng ENG,MF,27-344,9.0,9,669.0,7.4,2.0,3.0,5.0,2.0,0.0,0.0,2.0,0.0,2.3,2.3,1.9,4.1,16.0,67.0,44.0,0.27,0.4,0.67,0.27,0.67,0.31,0.25,0.56,0.31,0.56,Matches,Tottenham-Hotspur,
Micky van de Ven,nl NED,DF,23-196,8.0,8,710.0,7.9,0.0,2.0,2.0,0.0,0.0,0.0,4.0,0.0,0.2,0.2,1.2,1.4,8.0,42.0,1.0,0.0,0.25,0.25,0.0,0.25,0.03,0.15,0.18,0.03,0.18,Matches,Tottenham-Hotspur,
Brennan Johnson,wls WAL,FW,23-162,9.0,8,693.0,7.7,3.0,0.0,3.0,3.0,0.0,0.0,2.0,0.0,4.0,4.0,0.7,4.7,29.0,26.0,85.0,0.39,0.0,0.39,0.39,0.39,0.52,0.08,0.61,0.52,0.61,Matches,Tottenham-Hotspur,
Dejan Kulusevski,se SWE,"MF,FW",24-190,9.0,8,679.0,7.5,2.0,1.0,3.0,2.0,0.0,0.0,3.0,0.0,1.4,1.4,2.0,3.3,37.0,44.0,66.0,0.27,0.13,0.4,0.27,0.4,0.18,0.26,0.44,0.18,0.44,Matches,Tottenham-Hotspur,
Dominic Solanke,eng ENG,FW,27-048,7.0,7,617.0,6.9,2.0,1.0,3.0,2.0,0.0,0.0,0.0,0.0,3.6,3.6,0.8,4.3,14.0,19.0,30.0,0.29,0.15,0.44,0.29,0.44,0.52,0.11,0.63,0.52,0.63,Matches,Tottenham-Hotspur,
Son Heung-min,kr KOR,FW,32-116,6.0,6,519.0,5.8,3.0,2.0,5.0,3.0,0.0,0.0,0.0,0.0,1.8,1.8,1.8,3.6,23.0,37.0,78.0,0.52,0.35,0.87,0.52,0.87,0.31,0.31,0.62,0.31,0.62,Matches,Tottenham-Hotspur,
Rodrigo Bentancur,uy URU,MF,27-129,8.0,5,397.0,4.4,0.0,0.0,0.0,0.0,0.0,0.0,3.0,0.0,0.4,0.4,0.1,0.5,4.0,29.0,2.0,0.0,0.0,0.0,0.0,0.0,0.08,0.02,0.1,0.08,0.1,Matches,Tottenham-Hotspur,
Yves Bissouma,ml MLI,MF,28-063,6.0,4,359.0,4.0,2.0,0.0,2.0,2.0,0.0,0.0,2.0,0.0,0.3,0.3,0.2,0.5,5.0,28.0,0.0,0.5,0.0,0.5,0.5,0.5,0.06,0.05,0.11,0.06,0.11,Matches,Tottenham-Hotspur,
Pape Matar Sarr,sn SEN,MF,22-048,9.0,2,290.0,3.2,0.0,2.0,2.0,0.0,0.0,0.0,1.0,0.0,0.6,0.6,1.1,1.7,5.0,21.0,13.0,0.0,0.62,0.62,0.0,0.62,0.19,0.35,0.54,0.19,0.54,Matches,Tottenham-Hotspur,
Timo Werner,de GER,"FW,MF",28-240,7.0,2,244.0,2.7,0.0,1.0,1.0,0.0,0.0,0.0,0.0,0.0,0.8,0.8,0.2,0.9,22.0,15.0,49.0,0.0,0.37,0.37,0.0,0.37,0.28,0.06,0.34,0.28,0.34,Matches,Tottenham-Hotspur,
Wilson Odobert,fr FRA,FW,19-339,3.0,2,162.0,1.8,0.0,0.0,0.0,0.0,0.0,0.0,0.0,0.0,0.4,0.4,0.1,0.5,13.0,10.0,18.0,0.0,0.0,0.0,0.0,0.0,0.23,0.03,0.27,0.23,0.27,Matches,Tottenham-Hotspur,
Radu Drăgușin,ro ROU,DF,22-272,2.0,1,100.0,1.1,0.0,0.0,0.0,0.0,0.0,0.0,0.0,0.0,0.0,0.0,0.0,0.0,0.0,1.0,0.0,0.0,0.0,0.0,0.0,0.0,0.02,0.0,0.02,0.02,0.02,Matches,Tottenham-Hotspur,
Mikey Moore,eng ENG,FW,17-082,4.0,1,85.0,0.9,0.0,0.0,0.0,0.0,0.0,0.0,0.0,0.0,0.0,0.0,0.0,0.0,5.0,3.0,12.0,0.0,0.0,0.0,0.0,0.0,0.04,0.0,0.04,0.04,0.04,Matches,Tottenham-Hotspur,
Richarlison,br BRA,FW,27-175,4.0,0,64.0,0.7,0.0,0.0,0.0,0.0,0.0,0.0,1.0,0.0,0.2,0.2,0.0,0.2,1.0,5.0,10.0,0.0,0.0,0.0,0.0,0.0,0.27,0.0,0.27,0.27,0.27,Matches,Tottenham-Hotspur,
Djed Spence,eng ENG,DF,24-084,3.0,0,64.0,0.7,0.0,0.0,0.0,0.0,0.0,0.0,1.0,0.0,0.0,0.0,0.0,0.0,3.0,4.0,5.0,0.0,0.0,0.0,0.0,0.0,0.0,0.0,0.0,0.0,0.0,Matches,Tottenham-Hotspur,
Lucas Bergvall,se SWE,"MF,FW",18-273,5.0,0,51.0,0.6,0.0,0.0,0.0,0.0,0.0,0.0,0.0,0.0,0.1,0.1,0.2,0.3,1.0,4.0,3.0,0.0,0.0,0.0,0.0,0.0,0.14,0.34,0.48,0.14,0.48,Matches,Tottenham-Hotspur,
Archie Gray,eng ENG,"MF,DF",18-234,4.0,0,37.0,0.4,0.0,0.0,0.0,0.0,0.0,0.0,0.0,0.0,0.0,0.0,0.0,0.0,0.0,3.0,1.0,0.0,0.0,0.0,0.0,0.0,0.0,0.0,0.0,0.0,0.0,Matches,Tottenham-Hotspur,
Brandon Austin,eng ENG,GK,25-298,0.0,0,,,,,,,,,,,,,,,,,,,,,,,,,,,,Matches,Tottenham-Hotspur,
Ben Davies,wls WAL,"DF,MF",31-191,0.0,0,,,,,,,,,,,,,,,,,,,,,,,,,,,,Matches,Tottenham-Hotspur,
Alfie Devine,eng ENG,MF,20-092,0.0,0,,,,,,,,,,,,,,,,,,,,,,,,,,,,Matches,Tottenham-Hotspur,
Fraser Forster,eng ENG,GK,36-229,0.0,0,,,,,,,,,,,,,,,,,,,,,,,,,,,,Matches,Tottenham-Hotspur,
Will Lankshear,eng ENG,FW,19-195,0.0,0,,,,,,,,,,,,,,,,,,,,,,,,,,,,Matches,Tottenham-Hotspur,
Squad Total,,,25.7,9.0,99,810.0,9.0,16.0,13.0,29.0,16.0,0.0,0.0,23.0,0.0,17.4,17.4,12.2,29.6,239.0,503.0,500.0,1.78,1.44,3.22,1.78,3.22,1.93,1.36,3.29,1.93,3.29,,Tottenham-Hotspur,
Opponent Total,,,26.7,9.0,99,810.0,9.0,10.0,7.0,17.0,10.0,0.0,0.0,23.0,2.0,9.6,9.6,8.0,17.6,109.0,233.0,230.0,1.11,0.78,1.89,1.11,1.89,1.07,0.89,1.95,1.07,1.95,,Tottenham-Hotspur,
Nathan Collins,ie IRL,DF,23-185,9.0,9,810.0,9.0,1.0,0.0,1.0,1.0,0.0,0.0,1.0,0.0,1.8,1.8,0.2,1.9,10.0,35.0,5.0,0.11,0.0,0.11,0.11,0.11,0.2,0.02,0.22,0.2,0.22,Matches,Brentford,
Mark Flekken,nl NED,GK,31-141,9.0,9,810.0,9.0,0.0,0.0,0.0,0.0,0.0,0.0,0.0,0.0,0.0,0.0,0.0,0.0,0.0,0.0,0.0,0.0,0.0,0.0,0.0,0.0,0.0,0.0,0.0,0.0,0.0,Matches,Brentford,
Ethan Pinnock,jm JAM,DF,31-156,9.0,9,810.0,9.0,2.0,0.0,2.0,2.0,0.0,0.0,1.0,0.0,0.8,0.8,0.5,1.3,1.0,18.0,4.0,0.22,0.0,0.22,0.22,0.22,0.09,0.05,0.14,0.09,0.14,Matches,Brentford,
Bryan Mbeumo,cm CMR,FW,25-086,9.0,9,809.0,9.0,8.0,0.0,8.0,6.0,2.0,2.0,2.0,0.0,3.8,2.2,2.0,4.2,31.0,34.0,84.0,0.89,0.0,0.89,0.67,0.67,0.42,0.22,0.65,0.25,0.47,Matches,Brentford,
Vitaly Janelt,de GER,MF,26-175,9.0,9,723.0,8.0,0.0,2.0,2.0,0.0,0.0,0.0,1.0,0.0,0.2,0.2,1.0,1.1,5.0,25.0,10.0,0.0,0.25,0.25,0.0,0.25,0.02,0.12,0.14,0.02,0.14,Matches,Brentford,
Kristoffer Ajer,no NOR,DF,26-198,8.0,8,636.0,7.1,0.0,0.0,0.0,0.0,0.0,0.0,3.0,0.0,0.3,0.3,0.2,0.5,14.0,25.0,12.0,0.0,0.0,0.0,0.0,0.0,0.04,0.03,0.07,0.04,0.07,Matches,Brentford,
Mikkel Damsgaard,dk DEN,"MF,FW",24-121,9.0,7,629.0,7.0,0.0,3.0,3.0,0.0,0.0,0.0,0.0,0.0,0.7,0.7,2.7,3.4,19.0,47.0,25.0,0.0,0.43,0.43,0.0,0.43,0.1,0.39,0.49,0.1,0.49,Matches,Brentford,
Keane Lewis-Potter,eng ENG,"FW,DF",23-253,9.0,7,603.0,6.7,0.0,1.0,1.0,0.0,0.0,0.0,1.0,0.0,0.8,0.8,0.7,1.5,16.0,19.0,36.0,0.0,0.15,0.15,0.0,0.15,0.12,0.11,0.23,0.12,0.23,Matches,Brentford,
Christian Nørgaard,dk DEN,MF,30-236,7.0,7,603.0,6.7,1.0,0.0,1.0,1.0,0.0,0.0,2.0,0.0,1.2,1.2,0.2,1.4,4.0,22.0,10.0,0.15,0.0,0.15,0.15,0.15,0.18,0.03,0.2,0.18,0.2,Matches,Brentford,
Sepp van den Berg,nl NED,DF,22-317,7.0,6,552.0,6.1,0.0,0.0,0.0,0.0,0.0,0.0,0.0,0.0,0.4,0.4,0.1,0.5,3.0,16.0,15.0,0.0,0.0,0.0,0.0,0.0,0.06,0.02,0.08,0.06,0.08,Matches,Brentford,
Kevin Schade,de GER,"FW,MF",22-340,9.0,5,461.0,5.1,0.0,0.0,0.0,0.0,0.0,0.0,0.0,0.0,1.2,1.2,0.1,1.3,13.0,4.0,33.0,0.0,0.0,0.0,0.0,0.0,0.23,0.03,0.26,0.23,0.26,Matches,Brentford,
Yoane Wissa,cd COD,FW,28-059,6.0,5,404.0,4.5,5.0,1.0,6.0,5.0,0.0,0.0,1.0,0.0,3.9,3.9,0.3,4.2,7.0,9.0,18.0,1.11,0.22,1.34,1.11,1.34,0.86,0.07,0.93,0.86,0.93,Matches,Brentford,
Mads Roerslev,dk DEN,DF,25-130,8.0,3,358.0,4.0,0.0,1.0,1.0,0.0,0.0,0.0,0.0,0.0,0.0,0.0,1.2,1.3,6.0,22.0,27.0,0.0,0.25,0.25,0.0,0.25,0.0,0.31,0.31,0.0,0.31,Matches,Brentford,
Mathias Jensen,dk DEN,MF,28-305,4.0,3,251.0,2.8,0.0,1.0,1.0,0.0,0.0,0.0,1.0,0.0,0.1,0.1,0.8,0.9,4.0,21.0,11.0,0.0,0.36,0.36,0.0,0.36,0.04,0.27,0.31,0.04,0.31,Matches,Brentford,
Fabio Carvalho,pt POR,"FW,MF",22-063,9.0,2,271.0,3.0,1.0,1.0,2.0,1.0,0.0,0.0,0.0,0.0,1.1,1.1,0.5,1.7,5.0,7.0,12.0,0.33,0.33,0.66,0.33,0.66,0.38,0.18,0.56,0.38,0.56,Matches,Brentford,
Yehor Yarmoliuk,ua UKR,MF,20-245,5.0,1,131.0,1.5,0.0,0.0,0.0,0.0,0.0,0.0,1.0,0.0,0.1,0.1,0.0,0.1,1.0,5.0,4.0,0.0,0.0,0.0,0.0,0.0,0.06,0.02,0.08,0.06,0.08,Matches,Brentford,
Frank Onyeka,ng NGA,MF,26-305,2.0,0,25.0,0.3,0.0,0.0,0.0,0.0,0.0,0.0,0.0,0.0,0.0,0.0,0.0,0.0,0.0,1.0,0.0,0.0,0.0,0.0,0.0,0.0,0.0,0.0,0.0,0.0,0.0,Matches,Brentford,
Yunus Emre Konak,tr TUR,"MF,FW",18-296,3.0,0,19.0,0.2,0.0,0.0,0.0,0.0,0.0,0.0,0.0,0.0,0.2,0.2,0.0,0.2,0.0,1.0,1.0,0.0,0.0,0.0,0.0,0.0,0.72,0.0,0.72,0.72,0.72,Matches,Brentford,
Ryan Trevitt,eng ENG,MF,21-234,1.0,0,4.0,0.0,0.0,0.0,0.0,0.0,0.0,0.0,0.0,0.0,0.0,0.0,0.0,0.0,0.0,0.0,1.0,0.0,0.0,0.0,0.0,0.0,0.0,0.0,0.0,0.0,0.0,Matches,Brentford,
Ben Mee,eng ENG,DF,35-041,1.0,0,1.0,0.0,0.0,0.0,0.0,0.0,0.0,0.0,0.0,0.0,0.0,0.0,0.0,0.0,0.0,0.0,0.0,0.0,0.0,0.0,0.0,0.0,0.0,0.0,0.0,0.0,0.0,Matches,Brentford,
Kim Jisoo,kr KOR,DF,19-313,0.0,0,,,,,,,,,,,,,,,,,,,,,,,,,,,,Matches,Brentford,
Jayden Meghoma,eng ENG,DF,18-126,0.0,0,,,,,,,,,,,,,,,,,,,,,,,,,,,,Matches,Brentford,
Myles Peart-Harris,eng ENG,MF,22-044,0.0,0,,,,,,,,,,,,,,,,,,,,,,,,,,,,Matches,Brentford,
Hákon Rafn Valdimarsson,is ISL,GK,23-019,0.0,0,,,,,,,,,,,,,,,,,,,,,,,,,,,,Matches,Brentford,
Tony Yogane,eng ENG,MF,19-038,0.0,0,,,,,,,,,,,,,,,,,,,,,,,,,,,,Matches,Brentford,
Squad Total,,,26.4,9.0,99,810.0,9.0,18.0,10.0,28.0,16.0,2.0,2.0,14.0,0.0,16.1,14.5,10.5,25.0,139.0,311.0,308.0,2.0,1.11,3.11,1.78,2.89,1.79,1.17,2.96,1.61,2.78,,Brentford,
Opponent Total,,,27.3,9.0,99,810.0,9.0,17.0,15.0,32.0,17.0,0.0,0.0,25.0,1.0,15.4,15.4,12.2,27.6,192.0,393.0,388.0,1.89,1.67,3.56,1.89,3.56,1.71,1.35,3.06,1.71,3.06,,Brentford,
Calvin Bassey,ng NGA,DF,24-306,9.0,9,810.0,9.0,0.0,0.0,0.0,0.0,0.0,0.0,3.0,0.0,0.2,0.2,0.0,0.2,7.0,24.0,2.0,0.0,0.0,0.0,0.0,0.0,0.02,0.0,0.02,0.02,0.02,Matches,Fulham,
Bernd Leno,de GER,GK,32-242,9.0,9,810.0,9.0,0.0,1.0,1.0,0.0,0.0,0.0,2.0,0.0,0.0,0.0,0.1,0.1,0.0,0.0,0.0,0.0,0.11,0.11,0.0,0.11,0.0,0.01,0.01,0.0,0.01,Matches,Fulham,
Antonee Robinson,us USA,DF,27-085,9.0,9,810.0,9.0,0.0,2.0,2.0,0.0,0.0,0.0,1.0,0.0,0.2,0.2,0.6,0.8,20.0,22.0,58.0,0.0,0.22,0.22,0.0,0.22,0.02,0.07,0.08,0.02,0.08,Matches,Fulham,
Kenny Tete,nl NED,DF,29-023,9.0,9,796.0,8.8,0.0,0.0,0.0,0.0,0.0,0.0,2.0,0.0,0.8,0.8,0.3,1.1,24.0,25.0,23.0,0.0,0.0,0.0,0.0,0.0,0.09,0.04,0.13,0.09,0.13,Matches,Fulham,
Alex Iwobi,ng NGA,FW,28-182,9.0,9,766.0,8.5,2.0,1.0,3.0,2.0,0.0,0.0,0.0,0.0,0.9,0.9,1.8,2.7,31.0,54.0,64.0,0.23,0.12,0.35,0.23,0.35,0.11,0.22,0.32,0.11,0.32,Matches,Fulham,
Adama Traoré,es ESP,"FW,MF",28-281,9.0,9,690.0,7.7,1.0,2.0,3.0,1.0,0.0,0.0,2.0,0.0,2.6,2.6,2.1,4.7,38.0,26.0,56.0,0.13,0.26,0.39,0.13,0.39,0.34,0.28,0.61,0.34,0.61,Matches,Fulham,
Andreas Pereira,br BRA,MF,28-305,9.0,9,688.0,7.6,1.0,0.0,1.0,1.0,0.0,1.0,2.0,0.0,1.9,1.1,1.6,2.7,4.0,37.0,28.0,0.13,0.0,0.13,0.13,0.13,0.25,0.2,0.45,0.15,0.35,Matches,Fulham,
Emile Smith Rowe,eng ENG,MF,24-096,9.0,8,627.0,7.0,2.0,2.0,4.0,2.0,0.0,0.0,1.0,0.0,1.8,1.8,0.5,2.3,17.0,35.0,38.0,0.29,0.29,0.57,0.29,0.57,0.26,0.07,0.33,0.26,0.33,Matches,Fulham,
Saša Lukić,rs SRB,MF,28-080,7.0,7,547.0,6.1,0.0,0.0,0.0,0.0,0.0,0.0,4.0,0.0,0.0,0.0,0.3,0.3,4.0,28.0,1.0,0.0,0.0,0.0,0.0,0.0,0.0,0.05,0.05,0.0,0.05,Matches,Fulham,
Raúl Jiménez,mx MEX,FW,33-180,9.0,6,518.0,5.8,4.0,1.0,5.0,3.0,1.0,1.0,0.0,0.0,3.3,2.6,2.0,4.6,4.0,12.0,21.0,0.69,0.17,0.87,0.52,0.69,0.58,0.35,0.93,0.44,0.8,Matches,Fulham,
Joachim Andersen,dk DEN,DF,28-154,5.0,5,423.0,4.7,0.0,0.0,0.0,0.0,0.0,0.0,0.0,1.0,0.1,0.1,0.2,0.4,3.0,16.0,0.0,0.0,0.0,0.0,0.0,0.0,0.03,0.05,0.08,0.03,0.08,Matches,Fulham,
Issa Diop,fr FRA,DF,27-297,7.0,4,393.0,4.4,0.0,0.0,0.0,0.0,0.0,0.0,1.0,0.0,0.3,0.3,0.1,0.3,0.0,12.0,1.0,0.0,0.0,0.0,0.0,0.0,0.06,0.02,0.08,0.06,0.08,Matches,Fulham,
Sander Berge,no NOR,MF,26-261,7.0,3,344.0,3.8,0.0,0.0,0.0,0.0,0.0,0.0,0.0,0.0,0.0,0.0,0.1,0.1,2.0,16.0,0.0,0.0,0.0,0.0,0.0,0.0,0.0,0.04,0.04,0.0,0.04,Matches,Fulham,
Rodrigo Muniz,br BRA,FW,23-181,8.0,3,292.0,3.2,1.0,1.0,2.0,1.0,0.0,0.0,0.0,0.0,1.4,1.4,0.5,2.0,2.0,8.0,12.0,0.31,0.31,0.62,0.31,0.62,0.43,0.17,0.6,0.43,0.6,Matches,Fulham,
Reiss Nelson,eng ENG,"FW,MF",24-327,6.0,0,124.0,1.4,1.0,1.0,2.0,1.0,0.0,0.0,1.0,0.0,0.4,0.4,0.5,0.9,14.0,8.0,15.0,0.73,0.73,1.45,0.73,1.45,0.3,0.33,0.63,0.3,0.63,Matches,Fulham,
Tom Cairney,sct SCO,MF,33-286,6.0,0,108.0,1.2,0.0,0.0,0.0,0.0,0.0,0.0,2.0,0.0,0.0,0.0,0.4,0.4,4.0,14.0,4.0,0.0,0.0,0.0,0.0,0.0,0.0,0.34,0.34,0.0,0.34,Matches,Fulham,
Harry Wilson,wls WAL,"FW,MF",27-224,5.0,0,62.0,0.7,0.0,0.0,0.0,0.0,0.0,0.0,1.0,0.0,0.0,0.0,0.0,0.0,2.0,3.0,9.0,0.0,0.0,0.0,0.0,0.0,0.0,0.0,0.0,0.0,0.0,Matches,Fulham,
Harrison Reed,eng ENG,MF,29-279,7.0,0,59.0,0.7,0.0,0.0,0.0,0.0,0.0,0.0,2.0,0.0,0.0,0.0,0.1,0.1,1.0,2.0,7.0,0.0,0.0,0.0,0.0,0.0,0.02,0.11,0.14,0.02,0.14,Matches,Fulham,
Timothy Castagne,be BEL,DF,28-332,1.0,0,14.0,0.2,0.0,0.0,0.0,0.0,0.0,0.0,0.0,0.0,0.0,0.0,0.0,0.0,0.0,1.0,2.0,0.0,0.0,0.0,0.0,0.0,0.0,0.0,0.0,0.0,0.0,Matches,Fulham,
Jorge Cuenca,es ESP,DF,24-350,1.0,0,1.0,0.0,0.0,0.0,0.0,0.0,0.0,0.0,0.0,0.0,0.0,0.0,0.0,0.0,0.0,1.0,0.0,0.0,0.0,0.0,0.0,0.0,0.0,0.0,0.0,0.0,0.0,Matches,Fulham,
Jay Stansfield,eng ENG,MF,21-343,1.0,0,1.0,0.0,0.0,0.0,0.0,0.0,0.0,0.0,0.0,0.0,0.0,0.0,0.0,0.0,0.0,0.0,0.0,0.0,0.0,0.0,0.0,0.0,0.0,0.0,0.0,0.0,0.0,Matches,Fulham,
Steven Benda,de GER,GK,26-031,0.0,0,,,,,,,,,,,,,,,,,,,,,,,,,,,,Matches,Fulham,
Joshua King,eng ENG,MF,17-303,0.0,0,,,,,,,,,,,,,,,,,,,,,,,,,,,,Matches,Fulham,
Ryan Sessegnon,eng ENG,"DF,FW",24-167,0.0,0,,,,,,,,,,,,,,,,,,,,,,,,,,,,Matches,Fulham,
Squad Total,,,28.2,9.0,99,810.0,9.0,12.0,11.0,23.0,11.0,1.0,2.0,24.0,1.0,13.8,12.2,11.2,23.4,177.0,344.0,341.0,1.33,1.22,2.56,1.22,2.44,1.53,1.24,2.77,1.36,2.6,,Fulham,
Opponent Total,,,27.7,9.0,99,810.0,9.0,11.0,10.0,21.0,11.0,0.0,0.0,19.0,1.0,10.5,10.5,8.5,19.0,148.0,326.0,323.0,1.22,1.11,2.33,1.22,2.33,1.17,0.94,2.11,1.17,2.11,,Fulham,
Illia Zabarnyi,ua UKR,DF,22-061,9.0,9,810.0,9.0,0.0,0.0,0.0,0.0,0.0,0.0,0.0,0.0,0.3,0.3,0.1,0.4,4.0,34.0,1.0,0.0,0.0,0.0,0.0,0.0,0.03,0.01,0.04,0.03,0.04,Matches,Bournemouth,
Lewis Cook,eng ENG,MF,27-272,9.0,9,803.0,8.9,1.0,2.0,3.0,1.0,0.0,0.0,3.0,0.0,0.3,0.3,1.8,2.2,8.0,51.0,13.0,0.11,0.22,0.34,0.11,0.34,0.04,0.2,0.24,0.04,0.24,Matches,Bournemouth,
Antoine Semenyo,gh GHA,FW,24-299,9.0,9,787.0,8.7,3.0,1.0,4.0,3.0,0.0,0.0,4.0,0.0,3.0,3.0,2.0,4.9,29.0,16.0,70.0,0.34,0.11,0.46,0.34,0.46,0.34,0.22,0.56,0.34,0.56,Matches,Bournemouth,
Milos Kerkez,hu HUN,DF,20-360,9.0,9,747.0,8.3,0.0,0.0,0.0,0.0,0.0,0.0,2.0,0.0,0.2,0.1,0.3,0.4,25.0,42.0,33.0,0.0,0.0,0.0,0.0,0.0,0.02,0.03,0.05,0.01,0.05,Matches,Bournemouth,
Marcus Tavernier,eng ENG,"MF,FW",25-224,9.0,8,690.0,7.7,1.0,2.0,3.0,1.0,0.0,0.0,2.0,0.0,2.5,2.5,1.3,3.8,20.0,45.0,45.0,0.13,0.26,0.39,0.13,0.39,0.33,0.17,0.49,0.33,0.49,Matches,Bournemouth,
Marcos Senesi,ar ARG,DF,27-175,7.0,7,616.0,6.8,0.0,0.0,0.0,0.0,0.0,0.0,3.0,0.0,0.1,0.1,0.3,0.4,8.0,35.0,3.0,0.0,0.0,0.0,0.0,0.0,0.02,0.04,0.05,0.02,0.05,Matches,Bournemouth,
Ryan Christie,sct SCO,MF,29-253,9.0,7,563.0,6.3,1.0,0.0,1.0,1.0,0.0,0.0,3.0,0.0,0.4,0.4,0.3,0.7,6.0,36.0,16.0,0.16,0.0,0.16,0.16,0.16,0.06,0.05,0.11,0.06,0.11,Matches,Bournemouth,
Evanilson,br BRA,FW,25-026,8.0,7,541.0,6.0,2.0,0.0,2.0,2.0,0.0,1.0,0.0,0.0,2.5,1.8,0.6,2.4,4.0,5.0,16.0,0.33,0.0,0.33,0.33,0.33,0.42,0.1,0.53,0.29,0.4,Matches,Bournemouth,
Justin Kluivert,nl NED,"MF,FW",25-180,9.0,6,474.0,5.3,1.0,2.0,3.0,0.0,1.0,1.0,4.0,0.0,1.6,0.8,0.9,1.7,11.0,17.0,36.0,0.19,0.38,0.57,0.0,0.38,0.3,0.18,0.47,0.15,0.32,Matches,Bournemouth,
Kepa Arrizabalaga,es ESP,GK,30-029,5.0,5,450.0,5.0,0.0,0.0,0.0,0.0,0.0,0.0,0.0,0.0,0.0,0.0,0.0,0.0,0.0,0.0,0.0,0.0,0.0,0.0,0.0,0.0,0.0,0.0,0.0,0.0,0.0,Matches,Bournemouth,
Julian Araujo,mx MEX,DF,23-080,7.0,5,348.0,3.9,0.0,0.0,0.0,0.0,0.0,0.0,1.0,0.0,0.0,0.0,0.0,0.0,2.0,14.0,11.0,0.0,0.0,0.0,0.0,0.0,0.0,0.0,0.0,0.0,0.0,Matches,Bournemouth,
Adam Smith,eng ENG,DF,33-186,9.0,4,434.0,4.8,0.0,0.0,0.0,0.0,0.0,0.0,2.0,0.0,0.0,0.0,0.1,0.1,2.0,7.0,7.0,0.0,0.0,0.0,0.0,0.0,0.0,0.02,0.02,0.0,0.02,Matches,Bournemouth,
Dango Ouattara,bf BFA,"FW,DF",22-264,8.0,4,414.0,4.6,1.0,1.0,2.0,1.0,0.0,0.0,0.0,0.0,1.5,1.5,1.4,2.9,23.0,6.0,47.0,0.22,0.22,0.43,0.22,0.43,0.33,0.3,0.63,0.33,0.63,Matches,Bournemouth,
Alex Scott,eng ENG,MF,21-072,8.0,2,263.0,2.9,0.0,0.0,0.0,0.0,0.0,0.0,0.0,0.0,0.1,0.1,0.2,0.3,5.0,32.0,14.0,0.0,0.0,0.0,0.0,0.0,0.05,0.07,0.12,0.05,0.12,Matches,Bournemouth,
Dean Huijsen,es ESP,DF,19-201,3.0,2,194.0,2.2,0.0,0.0,0.0,0.0,0.0,0.0,1.0,0.0,0.0,0.0,0.1,0.1,0.0,8.0,1.0,0.0,0.0,0.0,0.0,0.0,0.02,0.04,0.05,0.02,0.05,Matches,Bournemouth,
Neto,br BRA,GK,35-105,2.0,2,180.0,2.0,0.0,0.0,0.0,0.0,0.0,0.0,0.0,0.0,0.0,0.0,0.0,0.0,0.0,0.0,0.0,0.0,0.0,0.0,0.0,0.0,0.0,0.0,0.0,0.0,0.0,Matches,Bournemouth,
Mark Travers,ie IRL,GK,25-167,2.0,2,180.0,2.0,0.0,0.0,0.0,0.0,0.0,0.0,0.0,0.0,0.0,0.0,0.0,0.0,0.0,0.0,0.0,0.0,0.0,0.0,0.0,0.0,0.0,0.0,0.0,0.0,0.0,Matches,Bournemouth,
Luis Sinisterra,co COL,"FW,MF",25-137,8.0,1,208.0,2.3,1.0,1.0,2.0,1.0,0.0,0.0,0.0,0.0,1.1,1.1,1.0,2.1,14.0,3.0,29.0,0.43,0.43,0.87,0.43,0.87,0.48,0.44,0.92,0.48,0.92,Matches,Bournemouth,
Enes Ünal,tr TUR,FW,27-175,6.0,1,127.0,1.4,0.0,0.0,0.0,0.0,0.0,0.0,1.0,0.0,0.7,0.7,0.1,0.8,3.0,7.0,6.0,0.0,0.0,0.0,0.0,0.0,0.46,0.1,0.56,0.46,0.56,Matches,Bournemouth,
Daniel Jebbison,eng ENG,FW,21-080,2.0,0,28.0,0.3,0.0,0.0,0.0,0.0,0.0,0.0,0.0,0.0,0.0,0.0,0.0,0.0,1.0,0.0,1.0,0.0,0.0,0.0,0.0,0.0,0.0,0.07,0.07,0.0,0.07,Matches,Bournemouth,
Philip Billing,dk DEN,MF,28-143,2.0,0,23.0,0.3,0.0,0.0,0.0,0.0,0.0,0.0,0.0,0.0,0.0,0.0,0.0,0.0,0.0,0.0,2.0,0.0,0.0,0.0,0.0,0.0,0.0,0.0,0.0,0.0,0.0,Matches,Bournemouth,
David Brooks,wls WAL,"FW,MF",27-116,2.0,0,20.0,0.2,0.0,0.0,0.0,0.0,0.0,0.0,0.0,0.0,0.0,0.0,0.3,0.3,0.0,3.0,7.0,0.0,0.0,0.0,0.0,0.0,0.0,1.35,1.35,0.0,1.35,Matches,Bournemouth,
Tyler Adams,us USA,MF,25-261,1.0,0,10.0,0.1,0.0,0.0,0.0,0.0,0.0,0.0,0.0,0.0,0.0,0.0,0.0,0.0,0.0,1.0,0.0,0.0,0.0,0.0,0.0,0.0,0.0,0.0,0.0,0.0,0.0,Matches,Bournemouth,
Max Aarons,eng ENG,DF,24-302,0.0,0,,,,,,,,,,,,,,,,,,,,,,,,,,,,Matches,Bournemouth,
Jaidon Anthony,eng ENG,"FW,MF",24-336,0.0,0,,,,,,,,,,,,,,,,,,,,,,,,,,,,Matches,Bournemouth,
Will Dennis,eng ENG,GK,24-114,0.0,0,,,,,,,,,,,,,,,,,,,,,,,,,,,,Matches,Bournemouth,
James Hill,eng ENG,DF,22-296,0.0,0,,,,,,,,,,,,,,,,,,,,,,,,,,,,Matches,Bournemouth,
Hamed Junior Traorè,ci CIV,"FW,MF",24-259,0.0,0,,,,,,,,,,,,,,,,,,,,,,,,,,,,Matches,Bournemouth,
Squad Total,,,25.7,9.0,99,810.0,9.0,11.0,9.0,20.0,10.0,1.0,2.0,26.0,0.0,14.2,12.6,10.7,23.3,165.0,362.0,358.0,1.22,1.0,2.22,1.11,2.11,1.58,1.19,2.76,1.4,2.59,,Bournemouth,
Opponent Total,,,26.8,9.0,99,810.0,9.0,11.0,9.0,20.0,11.0,0.0,0.0,31.0,1.0,11.4,11.4,9.2,20.6,160.0,312.0,308.0,1.22,1.0,2.22,1.22,2.22,1.26,1.03,2.29,1.26,2.29,,Bournemouth,
Dan Burn,eng ENG,DF,32-176,9.0,9,810.0,9.0,0.0,0.0,0.0,0.0,0.0,0.0,4.0,0.0,0.4,0.4,0.1,0.6,0.0,14.0,3.0,0.0,0.0,0.0,0.0,0.0,0.05,0.01,0.06,0.05,0.06,Matches,Newcastle-United,
Nick Pope,eng ENG,GK,32-196,9.0,9,810.0,9.0,0.0,0.0,0.0,0.0,0.0,0.0,0.0,0.0,0.0,0.0,0.0,0.0,0.0,0.0,0.0,0.0,0.0,0.0,0.0,0.0,0.0,0.0,0.0,0.0,0.0,Matches,Newcastle-United,
Bruno Guimarães,br BRA,MF,26-351,9.0,9,800.0,8.9,0.0,1.0,1.0,0.0,0.0,0.0,2.0,0.0,0.5,0.5,0.8,1.3,13.0,60.0,10.0,0.0,0.11,0.11,0.0,0.11,0.06,0.09,0.15,0.06,0.15,Matches,Newcastle-United,
Joelinton,br BRA,MF,28-079,9.0,9,746.0,8.3,1.0,0.0,1.0,1.0,0.0,0.0,4.0,0.0,1.7,1.7,0.7,2.4,12.0,39.0,35.0,0.12,0.0,0.12,0.12,0.12,0.21,0.08,0.29,0.21,0.29,Matches,Newcastle-United,
Anthony Gordon,eng ENG,FW,23-251,8.0,8,682.0,7.6,2.0,0.0,2.0,1.0,1.0,2.0,0.0,0.0,3.3,1.7,1.5,3.2,28.0,9.0,62.0,0.26,0.0,0.26,0.13,0.13,0.44,0.2,0.63,0.23,0.42,Matches,Newcastle-United,
Alexander Isak,se SWE,FW,25-041,7.0,7,585.0,6.5,2.0,1.0,3.0,2.0,0.0,0.0,0.0,0.0,3.5,3.5,0.9,4.4,15.0,9.0,38.0,0.31,0.15,0.46,0.31,0.46,0.54,0.14,0.68,0.54,0.68,Matches,Newcastle-United,
Fabian Schär,ch SUI,DF,32-317,7.0,7,567.0,6.3,1.0,0.0,1.0,1.0,0.0,0.0,3.0,1.0,0.7,0.7,0.2,0.9,3.0,29.0,6.0,0.16,0.0,0.16,0.16,0.16,0.12,0.03,0.15,0.12,0.15,Matches,Newcastle-United,
Lewis Hall,eng ENG,DF,20-054,9.0,6,606.0,6.7,0.0,1.0,1.0,0.0,0.0,0.0,3.0,0.0,0.0,0.0,1.8,1.8,13.0,40.0,18.0,0.0,0.15,0.15,0.0,0.15,0.0,0.27,0.27,0.0,0.27,Matches,Newcastle-United,
Valentino Livramento,eng ENG,DF,21-355,9.0,6,530.0,5.9,0.0,0.0,0.0,0.0,0.0,0.0,0.0,0.0,0.0,0.0,0.2,0.2,11.0,21.0,16.0,0.0,0.0,0.0,0.0,0.0,0.0,0.03,0.03,0.0,0.03,Matches,Newcastle-United,
Jacob Murphy,eng ENG,FW,29-251,9.0,6,496.0,5.5,0.0,2.0,2.0,0.0,0.0,0.0,1.0,0.0,0.3,0.3,1.4,1.7,15.0,27.0,42.0,0.0,0.36,0.36,0.0,0.36,0.06,0.25,0.31,0.06,0.31,Matches,Newcastle-United,
Harvey Barnes,eng ENG,FW,26-328,9.0,5,478.0,5.3,3.0,1.0,4.0,3.0,0.0,0.0,0.0,0.0,2.0,2.0,1.9,4.0,22.0,26.0,49.0,0.56,0.19,0.75,0.56,0.75,0.38,0.37,0.75,0.38,0.75,Matches,Newcastle-United,
Sandro Tonali,it ITA,MF,24-177,7.0,4,362.0,4.0,0.0,0.0,0.0,0.0,0.0,0.0,2.0,0.0,0.7,0.7,0.2,0.9,1.0,13.0,10.0,0.0,0.0,0.0,0.0,0.0,0.18,0.05,0.23,0.18,0.23,Matches,Newcastle-United,
Sean Longstaff,eng ENG,MF,27-002,8.0,4,334.0,3.7,0.0,0.0,0.0,0.0,0.0,0.0,2.0,0.0,0.2,0.2,0.0,0.2,1.0,15.0,8.0,0.0,0.0,0.0,0.0,0.0,0.06,0.01,0.06,0.06,0.06,Matches,Newcastle-United,
Kieran Trippier,eng ENG,DF,34-043,5.0,3,280.0,3.1,0.0,0.0,0.0,0.0,0.0,0.0,0.0,0.0,0.0,0.0,0.2,0.2,5.0,19.0,12.0,0.0,0.0,0.0,0.0,0.0,0.01,0.06,0.07,0.01,0.07,Matches,Newcastle-United,
Lloyd Kelly,eng ENG,DF,26-026,6.0,3,207.0,2.3,0.0,1.0,1.0,0.0,0.0,0.0,1.0,0.0,0.2,0.2,0.5,0.6,0.0,6.0,2.0,0.0,0.43,0.43,0.0,0.43,0.08,0.2,0.28,0.08,0.28,Matches,Newcastle-United,
Emil Krafth,se SWE,DF,30-091,3.0,2,241.0,2.7,0.0,0.0,0.0,0.0,0.0,0.0,0.0,0.0,0.0,0.0,0.1,0.1,0.0,1.0,0.0,0.0,0.0,0.0,0.0,0.0,0.01,0.03,0.05,0.01,0.05,Matches,Newcastle-United,
Joe Willock,eng ENG,"MF,FW",25-073,7.0,1,197.0,2.2,0.0,1.0,1.0,0.0,0.0,0.0,0.0,0.0,0.2,0.2,0.8,1.0,10.0,11.0,20.0,0.0,0.46,0.46,0.0,0.46,0.08,0.38,0.45,0.08,0.45,Matches,Newcastle-United,
Miguel Almirón,py PAR,FW,30-265,5.0,1,105.0,1.2,0.0,0.0,0.0,0.0,0.0,0.0,0.0,0.0,0.4,0.4,0.2,0.5,1.0,5.0,10.0,0.0,0.0,0.0,0.0,0.0,0.31,0.15,0.46,0.31,0.46,Matches,Newcastle-United,
William Osula,dk DEN,"FW,MF",21-089,3.0,0,11.0,0.1,0.0,0.0,0.0,0.0,0.0,0.0,0.0,0.0,0.0,0.0,0.0,0.0,1.0,0.0,3.0,0.0,0.0,0.0,0.0,0.0,0.0,0.0,0.0,0.0,0.0,Matches,Newcastle-United,
Martin Dúbravka,sk SVK,GK,35-291,0.0,0,,,,,,,,,,,,,,,,,,,,,,,,,,,,Matches,Newcastle-United,
Lewis Miley,eng ENG,MF,18-184,0.0,0,,,,,,,,,,,,,,,,,,,,,,,,,,,,Matches,Newcastle-United,
Alex Murphy,ie IRL,DF,20-129,0.0,0,,,,,,,,,,,,,,,,,,,,,,,,,,,,Matches,Newcastle-United,
John Ruddy,eng ENG,GK,38-008,0.0,0,,,,,,,,,,,,,,,,,,,,,,,,,,,,Matches,Newcastle-United,
Matt Targett,eng ENG,"DF,MF",29-044,0.0,0,,,,,,,,,,,,,,,,,,,,,,,,,,,,Matches,Newcastle-United,
Odisseas Vlachodimos,gr GRE,GK,30-189,0.0,0,,,,,,,,,,,,,,,,,,,,,,,,,,,,Matches,Newcastle-United,
Squad Total,,,27.7,9.0,99,810.0,9.0,9.0,8.0,17.0,8.0,1.0,2.0,22.0,1.0,14.1,12.6,11.3,23.9,151.0,344.0,344.0,1.0,0.89,1.89,0.89,1.78,1.57,1.26,2.83,1.4,2.65,,Newcastle-United,
Opponent Total,,,26.7,9.0,99,810.0,9.0,9.0,9.0,18.0,9.0,0.0,0.0,32.0,0.0,13.0,13.0,10.5,23.5,187.0,319.0,315.0,1.0,1.0,2.0,1.0,2.0,1.45,1.17,2.61,1.45,2.61,,Newcastle-United,
Max Kilman,eng ENG,DF,27-162,9.0,9,810.0,9.0,0.0,1.0,1.0,0.0,0.0,0.0,3.0,0.0,0.7,0.7,0.3,0.9,8.0,40.0,1.0,0.0,0.11,0.11,0.0,0.11,0.07,0.03,0.1,0.07,0.1,Matches,West-Ham-United,
Jarrod Bowen,eng ENG,"FW,MF",27-317,9.0,9,786.0,8.7,3.0,2.0,5.0,2.0,1.0,1.0,0.0,0.0,1.8,1.1,2.9,4.0,35.0,34.0,51.0,0.34,0.23,0.57,0.23,0.46,0.21,0.33,0.54,0.12,0.45,Matches,West-Ham-United,
Guido Rodríguez,ar ARG,MF,30-203,9.0,9,688.0,7.6,0.0,0.0,0.0,0.0,0.0,0.0,2.0,0.0,0.1,0.1,0.0,0.1,1.0,21.0,3.0,0.0,0.0,0.0,0.0,0.0,0.01,0.0,0.01,0.01,0.01,Matches,West-Ham-United,
Emerson Palmieri,it ITA,DF,30-090,9.0,9,683.0,7.6,0.0,0.0,0.0,0.0,0.0,0.0,3.0,0.0,0.9,0.9,0.8,1.7,12.0,22.0,35.0,0.0,0.0,0.0,0.0,0.0,0.12,0.1,0.23,0.12,0.23,Matches,West-Ham-United,
Alphonse Areola,fr FRA,GK,31-248,8.0,8,675.0,7.5,0.0,0.0,0.0,0.0,0.0,0.0,0.0,0.0,0.0,0.0,0.0,0.0,0.0,0.0,0.0,0.0,0.0,0.0,0.0,0.0,0.0,0.0,0.0,0.0,0.0,Matches,West-Ham-United,
Mohammed Kudus,gh GHA,"MF,FW",24-091,8.0,8,663.0,7.4,2.0,0.0,2.0,2.0,0.0,0.0,0.0,1.0,2.8,2.8,0.8,3.6,37.0,20.0,66.0,0.27,0.0,0.27,0.27,0.27,0.38,0.11,0.49,0.38,0.49,Matches,West-Ham-United,
Lucas Paquetá,br BRA,MF,27-066,9.0,8,631.0,7.0,2.0,0.0,2.0,1.0,1.0,1.0,3.0,0.0,2.1,1.3,0.6,1.9,6.0,42.0,23.0,0.29,0.0,0.29,0.14,0.14,0.29,0.09,0.38,0.18,0.27,Matches,West-Ham-United,
Michail Antonio,jm JAM,FW,34-218,9.0,8,558.0,6.2,1.0,1.0,2.0,1.0,0.0,0.0,1.0,0.0,1.9,1.9,1.6,3.4,17.0,12.0,39.0,0.16,0.16,0.32,0.16,0.32,0.3,0.25,0.56,0.3,0.56,Matches,West-Ham-United,
Aaron Wan-Bissaka,eng ENG,DF,26-341,8.0,7,659.0,7.3,0.0,0.0,0.0,0.0,0.0,0.0,0.0,0.0,0.1,0.1,0.3,0.4,26.0,33.0,32.0,0.0,0.0,0.0,0.0,0.0,0.01,0.04,0.05,0.01,0.05,Matches,West-Ham-United,
Tomáš Souček,cz CZE,MF,29-248,9.0,6,564.0,6.3,2.0,0.0,2.0,2.0,0.0,0.0,3.0,0.0,2.0,2.0,0.4,2.4,2.0,23.0,19.0,0.32,0.0,0.32,0.32,0.32,0.32,0.07,0.39,0.32,0.39,Matches,West-Ham-United,
Konstantinos Mavropanos,gr GRE,DF,26-326,8.0,6,560.0,6.2,0.0,0.0,0.0,0.0,0.0,0.0,1.0,0.0,0.2,0.2,0.0,0.2,5.0,14.0,2.0,0.0,0.0,0.0,0.0,0.0,0.04,0.0,0.04,0.04,0.04,Matches,West-Ham-United,
Edson Álvarez,mx MEX,"MF,DF",27-008,7.0,4,364.0,4.0,0.0,0.0,0.0,0.0,0.0,0.0,2.0,0.0,0.1,0.1,0.1,0.2,3.0,17.0,3.0,0.0,0.0,0.0,0.0,0.0,0.02,0.03,0.05,0.02,0.05,Matches,West-Ham-United,
Jean-Clair Todibo,fr FRA,DF,24-307,6.0,3,323.0,3.6,0.0,0.0,0.0,0.0,0.0,0.0,0.0,0.0,0.1,0.1,0.0,0.1,1.0,5.0,1.0,0.0,0.0,0.0,0.0,0.0,0.03,0.0,0.03,0.03,0.03,Matches,West-Ham-United,
Vladimír Coufal,cz CZE,DF,32-071,4.0,2,200.0,2.2,0.0,0.0,0.0,0.0,0.0,0.0,0.0,0.0,0.0,0.0,0.1,0.1,3.0,6.0,4.0,0.0,0.0,0.0,0.0,0.0,0.01,0.05,0.06,0.01,0.06,Matches,West-Ham-United,
Crysencio Summerville,nl NED,"FW,MF",23-002,8.0,1,219.0,2.4,1.0,0.0,1.0,1.0,0.0,0.0,1.0,0.0,0.6,0.6,0.5,1.1,9.0,4.0,22.0,0.41,0.0,0.41,0.41,0.41,0.26,0.21,0.47,0.26,0.47,Matches,West-Ham-United,
Carlos Soler,es ESP,"MF,FW",27-304,6.0,1,199.0,2.2,0.0,0.0,0.0,0.0,0.0,0.0,3.0,0.0,0.2,0.2,0.1,0.3,3.0,10.0,3.0,0.0,0.0,0.0,0.0,0.0,0.09,0.05,0.14,0.09,0.14,Matches,West-Ham-United,
Łukasz Fabiański,pl POL,GK,39-197,2.0,1,135.0,1.5,0.0,0.0,0.0,0.0,0.0,0.0,0.0,0.0,0.0,0.0,0.0,0.0,0.0,0.0,0.0,0.0,0.0,0.0,0.0,0.0,0.0,0.0,0.0,0.0,0.0,Matches,West-Ham-United,
Niclas Füllkrug,de GER,FW,31-266,3.0,0,66.0,0.7,0.0,0.0,0.0,0.0,0.0,0.0,0.0,0.0,0.3,0.3,0.0,0.3,2.0,0.0,3.0,0.0,0.0,0.0,0.0,0.0,0.35,0.0,0.35,0.35,0.35,Matches,West-Ham-United,
Danny Ings,eng ENG,"FW,MF",32-101,4.0,0,51.0,0.6,1.0,1.0,2.0,1.0,0.0,0.0,0.0,0.0,0.7,0.7,0.5,1.2,0.0,0.0,3.0,1.76,1.76,3.53,1.76,3.53,1.24,0.93,2.17,1.24,2.17,Matches,West-Ham-United,
Aaron Cresswell,eng ENG,DF,34-322,4.0,0,29.0,0.3,0.0,0.0,0.0,0.0,0.0,0.0,1.0,0.0,0.0,0.0,0.0,0.1,1.0,3.0,1.0,0.0,0.0,0.0,0.0,0.0,0.11,0.11,0.22,0.11,0.22,Matches,West-Ham-United,
Andy Irving,sct SCO,MF,24-172,2.0,0,19.0,0.2,0.0,0.0,0.0,0.0,0.0,0.0,1.0,0.0,0.0,0.0,0.0,0.0,0.0,2.0,0.0,0.0,0.0,0.0,0.0,0.0,0.16,0.0,0.16,0.16,0.16,Matches,West-Ham-United,
James Ward-Prowse,eng ENG,MF,30-000,1.0,0,18.0,0.2,0.0,0.0,0.0,0.0,0.0,0.0,0.0,0.0,0.0,0.0,0.0,0.0,1.0,4.0,0.0,0.0,0.0,0.0,0.0,0.0,0.0,0.0,0.0,0.0,0.0,Matches,West-Ham-United,
Luis Guilherme,br BRA,MF,18-266,1.0,0,5.0,0.1,0.0,0.0,0.0,0.0,0.0,0.0,0.0,0.0,0.0,0.0,0.0,0.0,0.0,0.0,0.0,0.0,0.0,0.0,0.0,0.0,0.0,0.0,0.0,0.0,0.0,Matches,West-Ham-United,
Kaelan Casey,eng ENG,DF,20-004,0.0,0,,,,,,,,,,,,,,,,,,,,,,,,,,,,Matches,West-Ham-United,
Squad Total,,,28.7,9.0,99,810.0,9.0,12.0,5.0,17.0,10.0,2.0,2.0,24.0,1.0,14.1,12.6,9.0,21.6,172.0,312.0,311.0,1.33,0.56,1.89,1.11,1.67,1.57,1.0,2.57,1.4,2.4,,West-Ham-United,
Opponent Total,,,26.3,9.0,99,810.0,9.0,15.0,14.0,29.0,15.0,0.0,0.0,14.0,0.0,15.2,15.2,13.7,28.9,202.0,391.0,389.0,1.67,1.56,3.22,1.67,3.22,1.69,1.52,3.21,1.69,3.21,,West-Ham-United,
Diogo Dalot,pt POR,DF,25-228,,9,810.0,9.0,0.0,1.0,1.0,0.0,0.0,0.0,2.0,0.0,0.7,0.7,1.1,1.8,10.0,38.0,30.0,0.0,0.11,0.11,0.0,0.11,0.07,0.13,0.2,0.07,0.2,Matches,Manchester-United,9.0
André Onana,cm CMR,GK,28-213,,9,810.0,9.0,0.0,0.0,0.0,0.0,0.0,0.0,0.0,0.0,0.0,0.0,0.2,0.2,0.0,0.0,0.0,0.0,0.0,0.0,0.0,0.0,0.0,0.02,0.02,0.0,0.02,Matches,Manchester-United,9.0
Bruno Fernandes,pt POR,"MF,FW",30-054,,9,749.0,8.3,0.0,2.0,2.0,0.0,0.0,0.0,1.0,1.0,2.5,2.5,2.3,4.8,20.0,69.0,45.0,0.0,0.24,0.24,0.0,0.24,0.3,0.28,0.57,0.3,0.57,Matches,Manchester-United,9.0
Lisandro Martínez,ar ARG,DF,26-288,,8,706.0,7.8,0.0,0.0,0.0,0.0,0.0,0.0,3.0,0.0,0.8,0.8,0.1,0.9,5.0,39.0,5.0,0.0,0.0,0.0,0.0,0.0,0.1,0.02,0.12,0.1,0.12,Matches,Manchester-United,8.0
Noussair Mazraoui,ma MAR,DF,26-353,,8,642.0,7.1,0.0,1.0,1.0,0.0,0.0,0.0,1.0,0.0,0.2,0.2,0.1,0.4,6.0,36.0,8.0,0.0,0.14,0.14,0.0,0.14,0.03,0.02,0.05,0.03,0.05,Matches,Manchester-United,9.0
Marcus Rashford,eng ENG,FW,27-001,,8,629.0,7.0,1.0,1.0,2.0,1.0,0.0,0.0,1.0,0.0,0.7,0.7,1.9,2.6,15.0,15.0,50.0,0.14,0.14,0.29,0.14,0.29,0.09,0.27,0.37,0.09,0.37,Matches,Manchester-United,9.0
Kobbie Mainoo,eng ENG,MF,19-196,,7,571.0,6.3,0.0,0.0,0.0,0.0,0.0,0.0,4.0,0.0,0.1,0.1,0.7,0.8,5.0,24.0,11.0,0.0,0.0,0.0,0.0,0.0,0.02,0.11,0.13,0.02,0.13,Matches,Manchester-United,7.0
Alejandro Garnacho,ar ARG,FW,20-123,,6,591.0,6.6,2.0,1.0,3.0,2.0,0.0,0.0,1.0,0.0,3.0,3.0,1.1,4.1,41.0,12.0,83.0,0.3,0.15,0.46,0.3,0.46,0.46,0.16,0.62,0.46,0.62,Matches,Manchester-United,9.0
Matthijs de Ligt,nl NED,DF,25-081,,6,581.0,6.5,1.0,0.0,1.0,1.0,0.0,0.0,2.0,0.0,1.1,1.1,0.1,1.2,3.0,10.0,1.0,0.15,0.0,0.15,0.15,0.15,0.17,0.01,0.19,0.17,0.19,Matches,Manchester-United,9.0
Casemiro,br BRA,MF,32-252,,5,457.0,5.1,1.0,0.0,1.0,1.0,0.0,0.0,0.0,0.0,0.9,0.9,1.7,2.6,2.0,31.0,10.0,0.2,0.0,0.2,0.2,0.2,0.17,0.34,0.51,0.17,0.51,Matches,Manchester-United,8.0
Christian Eriksen,dk DEN,MF,32-261,,5,428.0,4.8,0.0,0.0,0.0,0.0,0.0,0.0,2.0,0.0,0.1,0.1,1.6,1.7,3.0,26.0,14.0,0.0,0.0,0.0,0.0,0.0,0.02,0.34,0.36,0.02,0.36,Matches,Manchester-United,7.0
Joshua Zirkzee,nl NED,FW,23-163,,4,411.0,4.6,1.0,1.0,2.0,1.0,0.0,0.0,1.0,0.0,2.6,2.6,0.6,3.2,2.0,11.0,19.0,0.22,0.22,0.44,0.22,0.44,0.57,0.14,0.71,0.57,0.71,Matches,Manchester-United,9.0
Amad Diallo,ci CIV,FW,22-113,,4,374.0,4.2,1.0,1.0,2.0,1.0,0.0,0.0,1.0,0.0,0.5,0.5,1.2,1.6,26.0,22.0,63.0,0.24,0.24,0.48,0.24,0.48,0.11,0.28,0.4,0.11,0.4,Matches,Manchester-United,7.0
Rasmus Højlund,dk DEN,FW,21-271,,3,259.0,2.9,1.0,0.0,1.0,1.0,0.0,0.0,0.0,0.0,1.0,1.0,0.0,1.1,4.0,4.0,10.0,0.35,0.0,0.35,0.35,0.35,0.36,0.01,0.37,0.36,0.37,Matches,Manchester-United,5.0
Harry Maguire,eng ENG,DF,31-241,,3,242.0,2.7,0.0,0.0,0.0,0.0,0.0,0.0,3.0,0.0,0.0,0.0,0.0,0.1,1.0,11.0,0.0,0.0,0.0,0.0,0.0,0.0,0.01,0.01,0.02,0.01,0.02,Matches,Manchester-United,5.0
Jonny Evans,nir NIR,DF,36-303,,2,201.0,2.2,0.0,0.0,0.0,0.0,0.0,0.0,1.0,0.0,0.1,0.1,0.0,0.1,1.0,8.0,2.0,0.0,0.0,0.0,0.0,0.0,0.05,0.0,0.05,0.05,0.05,Matches,Manchester-United,4.0
Mason Mount,eng ENG,"MF,FW",25-296,,2,145.0,1.6,0.0,0.0,0.0,0.0,0.0,0.0,2.0,0.0,0.4,0.4,0.1,0.5,1.0,4.0,4.0,0.0,0.0,0.0,0.0,0.0,0.24,0.07,0.3,0.24,0.3,Matches,Manchester-United,3.0
Manuel Ugarte Ribeiro,uy URU,MF,23-204,,1,108.0,1.2,0.0,0.0,0.0,0.0,0.0,0.0,1.0,0.0,0.0,0.0,0.0,0.0,1.0,3.0,3.0,0.0,0.0,0.0,0.0,0.0,0.0,0.0,0.0,0.0,0.0,Matches,Manchester-United,4.0
Victor Lindelöf,se SWE,DF,30-107,,0,55.0,0.6,0.0,0.0,0.0,0.0,0.0,0.0,1.0,0.0,0.0,0.0,0.0,0.0,0.0,4.0,1.0,0.0,0.0,0.0,0.0,0.0,0.0,0.0,0.0,0.0,0.0,Matches,Manchester-United,3.0
Toby Collyer,eng ENG,MF,20-303,,0,45.0,0.5,0.0,0.0,0.0,0.0,0.0,0.0,0.0,0.0,0.0,0.0,0.1,0.1,0.0,2.0,2.0,0.0,0.0,0.0,0.0,0.0,0.0,0.15,0.15,0.0,0.15,Matches,Manchester-United,1.0
Antony,br BRA,FW,24-251,,0,28.0,0.3,0.0,0.0,0.0,0.0,0.0,0.0,0.0,0.0,0.1,0.1,0.1,0.2,1.0,0.0,1.0,0.0,0.0,0.0,0.0,0.0,0.47,0.22,0.7,0.47,0.7,Matches,Manchester-United,2.0
Scott McTominay,sct SCO,MF,27-329,,0,19.0,0.2,0.0,0.0,0.0,0.0,0.0,0.0,0.0,0.0,0.1,0.1,0.0,0.1,0.0,1.0,2.0,0.0,0.0,0.0,0.0,0.0,0.33,0.0,0.33,0.33,0.33,Matches,Manchester-United,2.0
Harry Amass,eng ENG,DF,17-230,,0,,,,,,,,,,,,,,,,,,,,,,,,,,,,Matches,Manchester-United,0.0
Altay Bayındır,tr TUR,GK,26-201,,0,,,,,,,,,,,,,,,,,,,,,,,,,,,,Matches,Manchester-United,0.0
Jack Fletcher,eng ENG,MF,17-227,,0,,,,,,,,,,,,,,,,,,,,,,,,,,,,Matches,Manchester-United,0.0
Tom Heaton,eng ENG,GK,38-200,,0,,,,,,,,,,,,,,,,,,,,,,,,,,,,Matches,Manchester-United,0.0
Ethan Wheatley,eng ENG,FW,18-286,,0,,,,,,,,,,,,,,,,,,,,,,,,,,,,Matches,Manchester-United,0.0
Squad Total,,,26.5,,99,810.0,9.0,8.0,8.0,16.0,8.0,0.0,0.0,27.0,1.0,14.6,14.6,13.1,27.7,147.0,370.0,364.0,0.89,0.89,1.78,0.89,1.78,1.62,1.45,3.07,1.62,3.07,,Manchester-United,9.0
Opponent Total,,,27.2,,99,810.0,9.0,11.0,9.0,20.0,10.0,1.0,2.0,20.0,1.0,15.0,13.5,11.8,25.2,182.0,302.0,298.0,1.22,1.0,2.22,1.11,2.11,1.66,1.31,2.97,1.5,2.8,,Manchester-United,9.0
Wout Faes,be BEL,DF,26-212,9.0,9,810.0,9.0,1.0,0.0,1.0,1.0,0.0,0.0,1.0,0.0,0.8,0.8,0.0,0.8,3.0,31.0,1.0,0.11,0.0,0.11,0.11,0.11,0.09,0.0,0.09,0.09,0.09,Matches,Leicester-City,
Mads Hermansen,dk DEN,GK,24-113,9.0,9,810.0,9.0,0.0,0.0,0.0,0.0,0.0,0.0,0.0,0.0,0.0,0.0,0.0,0.0,0.0,0.0,0.0,0.0,0.0,0.0,0.0,0.0,0.0,0.0,0.0,0.0,0.0,Matches,Leicester-City,
James Justin,eng ENG,DF,26-252,9.0,9,810.0,9.0,2.0,1.0,3.0,2.0,0.0,0.0,1.0,0.0,0.4,0.4,0.3,0.7,10.0,26.0,19.0,0.22,0.11,0.33,0.22,0.33,0.04,0.03,0.08,0.04,0.08,Matches,Leicester-City,
Wilfred Ndidi,ng NGA,MF,27-321,9.0,9,775.0,8.6,0.0,4.0,4.0,0.0,0.0,0.0,3.0,0.0,0.3,0.3,1.3,1.6,8.0,27.0,38.0,0.0,0.46,0.46,0.0,0.46,0.03,0.15,0.18,0.03,0.18,Matches,Leicester-City,
Jamie Vardy,eng ENG,FW,37-295,9.0,9,753.0,8.4,4.0,0.0,4.0,3.0,1.0,1.0,3.0,0.0,3.5,2.7,0.3,3.0,7.0,7.0,30.0,0.48,0.0,0.48,0.36,0.36,0.41,0.04,0.45,0.32,0.36,Matches,Leicester-City,
Victor Bernth Kristiansen,dk DEN,DF,21-321,8.0,8,682.0,7.6,0.0,0.0,0.0,0.0,0.0,0.0,1.0,0.0,0.0,0.0,0.3,0.3,11.0,21.0,19.0,0.0,0.0,0.0,0.0,0.0,0.0,0.03,0.03,0.0,0.03,Matches,Leicester-City,
Harry Winks,eng ENG,MF,28-273,8.0,7,675.0,7.5,0.0,2.0,2.0,0.0,0.0,0.0,3.0,0.0,0.0,0.0,1.0,1.0,7.0,41.0,7.0,0.0,0.27,0.27,0.0,0.27,0.01,0.13,0.14,0.01,0.14,Matches,Leicester-City,
Caleb Okoli,it ITA,DF,23-111,7.0,7,628.0,7.0,0.0,0.0,0.0,0.0,0.0,0.0,1.0,0.0,0.1,0.1,0.0,0.1,3.0,20.0,1.0,0.0,0.0,0.0,0.0,0.0,0.02,0.0,0.02,0.02,0.02,Matches,Leicester-City,
Facundo Buonanotte,ar ARG,"MF,FW",19-314,8.0,6,551.0,6.1,3.0,2.0,5.0,3.0,0.0,0.0,3.0,0.0,2.1,2.1,1.3,3.5,16.0,21.0,29.0,0.49,0.33,0.82,0.49,0.82,0.35,0.22,0.57,0.35,0.57,Matches,Leicester-City,
Stephy Mavididi,eng ENG,FW,26-154,9.0,6,539.0,6.0,2.0,0.0,2.0,2.0,0.0,0.0,1.0,0.0,0.8,0.8,0.7,1.5,24.0,23.0,44.0,0.33,0.0,0.33,0.33,0.33,0.13,0.12,0.25,0.13,0.25,Matches,Leicester-City,
Oliver Skipp,eng ENG,MF,24-046,6.0,5,401.0,4.5,0.0,0.0,0.0,0.0,0.0,0.0,2.0,0.0,0.0,0.0,0.1,0.1,6.0,13.0,3.0,0.0,0.0,0.0,0.0,0.0,0.01,0.02,0.03,0.01,0.03,Matches,Leicester-City,
Jordan Ayew,gh GHA,"FW,MF",33-051,8.0,4,405.0,4.5,1.0,0.0,1.0,1.0,0.0,0.0,3.0,0.0,0.4,0.4,0.1,0.5,7.0,9.0,18.0,0.22,0.0,0.22,0.22,0.22,0.09,0.02,0.11,0.09,0.11,Matches,Leicester-City,
Abdul Fatawu Issahaku,gh GHA,FW,20-238,9.0,4,399.0,4.4,0.0,2.0,2.0,0.0,0.0,0.0,0.0,0.0,0.3,0.3,1.4,1.8,30.0,14.0,41.0,0.0,0.45,0.45,0.0,0.45,0.07,0.32,0.4,0.07,0.4,Matches,Leicester-City,
Jannik Vestergaard,dk DEN,DF,32-090,2.0,2,180.0,2.0,0.0,0.0,0.0,0.0,0.0,0.0,1.0,0.0,0.0,0.0,0.0,0.0,0.0,3.0,0.0,0.0,0.0,0.0,0.0,0.0,0.0,0.0,0.0,0.0,0.0,Matches,Leicester-City,
Bilal El Khannouss,ma MAR,"MF,FW",20-175,5.0,2,170.0,1.9,0.0,0.0,0.0,0.0,0.0,0.0,0.0,0.0,0.1,0.1,0.5,0.6,6.0,15.0,11.0,0.0,0.0,0.0,0.0,0.0,0.04,0.27,0.32,0.04,0.32,Matches,Leicester-City,
Bobby Reid,jm JAM,FW,31-273,6.0,2,162.0,1.8,0.0,0.0,0.0,0.0,0.0,0.0,0.0,0.0,0.1,0.1,0.1,0.2,5.0,3.0,9.0,0.0,0.0,0.0,0.0,0.0,0.06,0.07,0.13,0.06,0.13,Matches,Leicester-City,
Ricardo Pereira,pt POR,DF,31-026,1.0,1,67.0,0.7,0.0,0.0,0.0,0.0,0.0,0.0,1.0,0.0,0.0,0.0,0.0,0.0,0.0,3.0,2.0,0.0,0.0,0.0,0.0,0.0,0.0,0.0,0.0,0.0,0.0,Matches,Leicester-City,
Boubakary Soumaré,fr FRA,MF,25-248,3.0,0,32.0,0.4,0.0,0.0,0.0,0.0,0.0,0.0,2.0,0.0,0.0,0.0,0.0,0.0,1.0,1.0,1.0,0.0,0.0,0.0,0.0,0.0,0.0,0.0,0.0,0.0,0.0,Matches,Leicester-City,
Odsonne Édouard,fr FRA,FW,26-290,3.0,0,26.0,0.3,0.0,0.0,0.0,0.0,0.0,0.0,0.0,0.0,0.0,0.0,0.0,0.0,0.0,1.0,2.0,0.0,0.0,0.0,0.0,0.0,0.0,0.15,0.15,0.0,0.15,Matches,Leicester-City,
Hamza Choudhury,eng ENG,MF,27-031,1.0,0,15.0,0.2,0.0,0.0,0.0,0.0,0.0,0.0,0.0,0.0,0.0,0.0,0.0,0.0,0.0,0.0,0.0,0.0,0.0,0.0,0.0,0.0,0.0,0.0,0.0,0.0,0.0,Matches,Leicester-City,
Kasey McAteer,ie IRL,"DF,FW",22-345,3.0,0,12.0,0.1,0.0,0.0,0.0,0.0,0.0,0.0,0.0,0.0,0.0,0.0,0.0,0.0,0.0,0.0,2.0,0.0,0.0,0.0,0.0,0.0,0.17,0.0,0.17,0.17,0.17,Matches,Leicester-City,
Conor Coady,eng ENG,DF,31-250,1.0,0,8.0,0.1,0.0,0.0,0.0,0.0,0.0,0.0,1.0,0.0,0.0,0.0,0.0,0.0,0.0,0.0,0.0,0.0,0.0,0.0,0.0,0.0,0.0,0.0,0.0,0.0,0.0,Matches,Leicester-City,
Thomas Cannon,ie IRL,FW,21-309,0.0,0,,,,,,,,,,,,,,,,,,,,,,,,,,,,Matches,Leicester-City,
Daniel Iversen,dk DEN,GK,27-105,0.0,0,,,,,,,,,,,,,,,,,,,,,,,,,,,,Matches,Leicester-City,
Benjamin Nelson,eng ENG,DF,20-228,0.0,0,,,,,,,,,,,,,,,,,,,,,,,,,,,,Matches,Leicester-City,
Luke Thomas,eng ENG,"DF,MF",23-144,0.0,0,,,,,,,,,,,,,,,,,,,,,,,,,,,,Matches,Leicester-City,
Danny Ward,wls WAL,GK,31-132,0.0,0,,,,,,,,,,,,,,,,,,,,,,,,,,,,Matches,Leicester-City,
Squad Total,,,26.6,9.0,99,810.0,9.0,13.0,11.0,24.0,12.0,1.0,1.0,27.0,0.0,8.9,8.3,7.4,15.7,144.0,279.0,277.0,1.44,1.22,2.67,1.33,2.56,0.99,0.83,1.82,0.92,1.74,,Leicester-City,
Opponent Total,,,26.7,9.0,99,810.0,9.0,16.0,11.0,27.0,15.0,1.0,1.0,21.0,1.0,18.3,17.5,12.7,30.2,183.0,449.0,443.0,1.78,1.22,3.0,1.67,2.89,2.03,1.42,3.45,1.94,3.36,,Leicester-City,
Jordan Pickford,eng ENG,GK,30-239,9.0,9,810.0,9.0,0.0,0.0,0.0,0.0,0.0,0.0,1.0,0.0,0.0,0.0,0.0,0.0,0.0,0.0,0.0,0.0,0.0,0.0,0.0,0.0,0.0,0.0,0.0,0.0,0.0,Matches,Everton,
James Tarkowski,eng ENG,DF,31-348,9.0,9,810.0,9.0,0.0,0.0,0.0,0.0,0.0,0.0,2.0,0.0,0.6,0.6,0.5,1.1,1.0,15.0,1.0,0.0,0.0,0.0,0.0,0.0,0.07,0.05,0.12,0.07,0.12,Matches,Everton,
Dwight McNeil,eng ENG,"MF,FW",24-345,9.0,9,797.0,8.9,3.0,3.0,6.0,3.0,0.0,0.0,1.0,0.0,0.7,0.7,2.6,3.3,17.0,43.0,42.0,0.34,0.34,0.68,0.34,0.68,0.08,0.29,0.37,0.08,0.37,Matches,Everton,
Dominic Calvert-Lewin,eng ENG,FW,27-230,9.0,9,763.0,8.5,2.0,1.0,3.0,2.0,0.0,0.0,1.0,0.0,3.5,3.5,0.3,3.7,8.0,9.0,56.0,0.24,0.12,0.35,0.24,0.35,0.41,0.03,0.44,0.41,0.44,Matches,Everton,
Michael Keane,eng ENG,DF,31-295,8.0,8,720.0,8.0,2.0,0.0,2.0,2.0,0.0,0.0,3.0,0.0,0.3,0.3,0.1,0.4,1.0,11.0,3.0,0.25,0.0,0.25,0.25,0.25,0.04,0.01,0.05,0.04,0.05,Matches,Everton,
Iliman Ndiaye,sn SEN,FW,24-240,9.0,7,655.0,7.3,2.0,0.0,2.0,2.0,0.0,0.0,1.0,0.0,0.8,0.8,0.4,1.2,29.0,16.0,35.0,0.27,0.0,0.27,0.27,0.27,0.11,0.06,0.17,0.11,0.17,Matches,Everton,
Ashley Young,eng ENG,DF,39-115,7.0,7,605.0,6.7,0.0,3.0,3.0,0.0,0.0,0.0,1.0,1.0,0.1,0.1,0.7,0.7,6.0,41.0,5.0,0.0,0.45,0.45,0.0,0.45,0.01,0.1,0.11,0.01,0.11,Matches,Everton,
Jack Harrison,eng ENG,FW,27-347,9.0,7,592.0,6.6,0.0,0.0,0.0,0.0,0.0,0.0,0.0,0.0,0.9,0.9,1.5,2.4,17.0,13.0,47.0,0.0,0.0,0.0,0.0,0.0,0.13,0.23,0.36,0.13,0.36,Matches,Everton,
Abdoulaye Doucouré,ml MLI,MF,31-305,8.0,7,565.0,6.3,0.0,0.0,0.0,0.0,0.0,0.0,0.0,0.0,0.3,0.3,0.3,0.6,7.0,20.0,12.0,0.0,0.0,0.0,0.0,0.0,0.05,0.04,0.09,0.05,0.09,Matches,Everton,
Vitaliy Mykolenko,ua UKR,DF,25-156,7.0,7,565.0,6.3,0.0,0.0,0.0,0.0,0.0,0.0,0.0,0.0,0.0,0.0,0.2,0.2,4.0,20.0,16.0,0.0,0.0,0.0,0.0,0.0,0.0,0.04,0.04,0.0,0.04,Matches,Everton,
Idrissa Gana Gueye,sn SEN,MF,35-036,8.0,6,554.0,6.2,0.0,0.0,0.0,0.0,0.0,0.0,0.0,0.0,0.6,0.6,0.0,0.6,6.0,27.0,4.0,0.0,0.0,0.0,0.0,0.0,0.1,0.0,0.1,0.1,0.1,Matches,Everton,
Tim Iroegbunam,eng ENG,MF,21-124,6.0,4,383.0,4.3,0.0,0.0,0.0,0.0,0.0,0.0,2.0,0.0,0.2,0.2,0.1,0.3,5.0,10.0,7.0,0.0,0.0,0.0,0.0,0.0,0.05,0.02,0.07,0.05,0.07,Matches,Everton,
Orel Mangala,be BEL,MF,26-228,6.0,3,275.0,3.1,0.0,0.0,0.0,0.0,0.0,0.0,0.0,0.0,0.1,0.1,0.1,0.2,3.0,13.0,2.0,0.0,0.0,0.0,0.0,0.0,0.03,0.02,0.06,0.03,0.06,Matches,Everton,
James Garner,eng ENG,"DF,MF",23-233,4.0,2,253.0,2.8,0.0,0.0,0.0,0.0,0.0,0.0,1.0,0.0,0.0,0.0,0.0,0.1,1.0,3.0,4.0,0.0,0.0,0.0,0.0,0.0,0.02,0.01,0.02,0.02,0.02,Matches,Everton,
Jesper Lindstrøm,dk DEN,FW,24-246,5.0,2,172.0,1.9,0.0,0.0,0.0,0.0,0.0,0.0,0.0,0.0,0.5,0.5,0.5,1.1,3.0,3.0,11.0,0.0,0.0,0.0,0.0,0.0,0.28,0.28,0.57,0.28,0.57,Matches,Everton,
Jarrad Branthwaite,eng ENG,DF,22-127,2.0,1,95.0,1.1,0.0,0.0,0.0,0.0,0.0,0.0,0.0,0.0,0.0,0.0,0.0,0.0,0.0,1.0,0.0,0.0,0.0,0.0,0.0,0.0,0.0,0.0,0.0,0.0,0.0,Matches,Everton,
Séamus Coleman,ie IRL,DF,36-021,1.0,1,90.0,1.0,0.0,0.0,0.0,0.0,0.0,0.0,0.0,0.0,0.6,0.6,0.0,0.6,0.0,6.0,2.0,0.0,0.0,0.0,0.0,0.0,0.57,0.0,0.57,0.57,0.57,Matches,Everton,
Roman Dixon,eng ENG,DF,19-311,1.0,1,90.0,1.0,0.0,0.0,0.0,0.0,0.0,0.0,0.0,0.0,0.0,0.0,0.0,0.0,0.0,0.0,1.0,0.0,0.0,0.0,0.0,0.0,0.0,0.0,0.0,0.0,0.0,Matches,Everton,
Beto,gw GNB,FW,26-275,5.0,0,57.0,0.6,1.0,0.0,1.0,1.0,0.0,0.0,0.0,0.0,0.4,0.4,0.0,0.4,2.0,1.0,3.0,1.58,0.0,1.58,1.58,1.58,0.62,0.0,0.62,0.62,0.62,Matches,Everton,
Jake O'Brien,ie IRL,DF,23-170,1.0,0,27.0,0.3,0.0,0.0,0.0,0.0,0.0,0.0,1.0,0.0,0.0,0.0,0.0,0.0,0.0,1.0,0.0,0.0,0.0,0.0,0.0,0.0,0.0,0.0,0.0,0.0,0.0,Matches,Everton,
Mason Holgate,eng ENG,"FW,DF",28-010,1.0,0,6.0,0.1,0.0,0.0,0.0,0.0,0.0,0.0,0.0,0.0,0.0,0.0,0.0,0.0,0.0,0.0,0.0,0.0,0.0,0.0,0.0,0.0,0.0,0.0,0.0,0.0,0.0,Matches,Everton,
Harrison Armstrong,eng ENG,MF,17-287,1.0,0,1.0,0.0,0.0,0.0,0.0,0.0,0.0,0.0,0.0,0.0,0.0,0.0,0.0,0.0,0.0,0.0,0.0,0.0,0.0,0.0,0.0,0.0,0.0,0.0,0.0,0.0,0.0,Matches,Everton,
Asmir Begović,ba BIH,GK,37-134,0.0,0,,,,,,,,,,,,,,,,,,,,,,,,,,,,Matches,Everton,
Neal Maupay,fr FRA,"FW,MF",28-079,0.0,0,,,,,,,,,,,,,,,,,,,,,,,,,,,,Matches,Everton,
Jenson Metcalfe,eng ENG,MF,20-056,0.0,0,,,,,,,,,,,,,,,,,,,,,,,,,,,,Matches,Everton,
Nathan Patterson,sct SCO,DF,23-016,0.0,0,,,,,,,,,,,,,,,,,,,,,,,,,,,,Matches,Everton,
João Virgínia,pt POR,GK,25-022,0.0,0,,,,,,,,,,,,,,,,,,,,,,,,,,,,Matches,Everton,
Squad Total,,,29.0,9.0,99,810.0,9.0,10.0,7.0,17.0,10.0,0.0,0.0,14.0,1.0,9.3,9.3,7.1,16.4,110.0,253.0,251.0,1.11,0.78,1.89,1.11,1.89,1.03,0.79,1.82,1.03,1.82,,Everton,
Opponent Total,,,26.9,9.0,99,810.0,9.0,16.0,13.0,29.0,16.0,0.0,1.0,7.0,0.0,14.4,13.6,11.2,24.8,169.0,419.0,416.0,1.78,1.44,3.22,1.78,3.22,1.6,1.24,2.84,1.51,2.75,,Everton,
Marc Guéhi,eng ENG,DF,24-111,9.0,9,810.0,9.0,1.0,0.0,1.0,1.0,0.0,0.0,1.0,0.0,0.3,0.3,0.0,0.4,5.0,37.0,0.0,0.11,0.0,0.11,0.11,0.11,0.04,0.01,0.04,0.04,0.04,Matches,Crystal-Palace,
Dean Henderson,eng ENG,GK,27-234,9.0,9,810.0,9.0,0.0,0.0,0.0,0.0,0.0,0.0,1.0,0.0,0.0,0.0,0.0,0.0,0.0,0.0,0.0,0.0,0.0,0.0,0.0,0.0,0.0,0.0,0.0,0.0,0.0,Matches,Crystal-Palace,
Eberechi Eze,eng ENG,"MF,FW",26-125,9.0,9,809.0,9.0,1.0,1.0,2.0,1.0,0.0,0.0,0.0,0.0,3.0,3.0,1.0,4.0,27.0,45.0,58.0,0.11,0.11,0.22,0.11,0.22,0.33,0.11,0.45,0.33,0.45,Matches,Crystal-Palace,
Tyrick Mitchell,eng ENG,"DF,MF",25-061,9.0,9,760.0,8.4,0.0,1.0,1.0,0.0,0.0,0.0,0.0,0.0,0.2,0.2,1.4,1.7,18.0,24.0,61.0,0.0,0.12,0.12,0.0,0.12,0.03,0.17,0.2,0.03,0.2,Matches,Crystal-Palace,
Daniel Muñoz,co COL,"DF,MF",28-159,9.0,9,726.0,8.1,0.0,0.0,0.0,0.0,0.0,0.0,3.0,0.0,0.4,0.4,0.7,1.1,13.0,24.0,60.0,0.0,0.0,0.0,0.0,0.0,0.05,0.08,0.13,0.05,0.13,Matches,Crystal-Palace,
Adam Wharton,eng ENG,MF,20-152,8.0,8,622.0,6.9,0.0,0.0,0.0,0.0,0.0,0.0,0.0,0.0,0.2,0.2,0.6,0.8,6.0,61.0,6.0,0.0,0.0,0.0,0.0,0.0,0.03,0.09,0.12,0.03,0.12,Matches,Crystal-Palace,
Jean-Philippe Mateta,fr FRA,FW,27-126,9.0,7,574.0,6.4,3.0,0.0,3.0,2.0,1.0,1.0,1.0,0.0,1.9,1.1,0.7,1.8,3.0,10.0,24.0,0.47,0.0,0.47,0.31,0.31,0.3,0.11,0.41,0.17,0.28,Matches,Crystal-Palace,
Maxence Lacroix,fr FRA,DF,24-209,6.0,6,540.0,6.0,0.0,1.0,1.0,0.0,0.0,0.0,2.0,0.0,0.2,0.2,0.3,0.5,1.0,12.0,0.0,0.0,0.17,0.17,0.0,0.17,0.04,0.05,0.09,0.04,0.09,Matches,Crystal-Palace,
Daichi Kamada,jp JPN,MF,28-088,9.0,5,455.0,5.1,0.0,0.0,0.0,0.0,0.0,0.0,2.0,0.0,0.4,0.4,0.2,0.6,12.0,31.0,24.0,0.0,0.0,0.0,0.0,0.0,0.08,0.04,0.12,0.08,0.12,Matches,Crystal-Palace,
Jefferson Lerma,co COL,"MF,DF",30-007,7.0,5,415.0,4.6,0.0,0.0,0.0,0.0,0.0,0.0,3.0,0.0,0.1,0.1,0.8,0.9,2.0,26.0,11.0,0.0,0.0,0.0,0.0,0.0,0.02,0.18,0.2,0.02,0.2,Matches,Crystal-Palace,
Eddie Nketiah,eng ENG,"FW,MF",25-155,6.0,5,406.0,4.5,0.0,0.0,0.0,0.0,0.0,0.0,1.0,0.0,0.8,0.8,0.4,1.2,16.0,7.0,30.0,0.0,0.0,0.0,0.0,0.0,0.18,0.1,0.28,0.18,0.28,Matches,Crystal-Palace,
Chris Richards,us USA,DF,24-218,4.0,4,344.0,3.8,0.0,0.0,0.0,0.0,0.0,0.0,1.0,0.0,0.1,0.1,0.0,0.1,2.0,5.0,1.0,0.0,0.0,0.0,0.0,0.0,0.03,0.0,0.03,0.03,0.03,Matches,Crystal-Palace,
Will Hughes,eng ENG,MF,29-198,8.0,3,377.0,4.2,0.0,0.0,0.0,0.0,0.0,0.0,4.0,0.0,0.2,0.2,0.2,0.4,6.0,19.0,12.0,0.0,0.0,0.0,0.0,0.0,0.04,0.06,0.09,0.04,0.09,Matches,Crystal-Palace,
Trevoh Chalobah,eng ENG,DF,25-119,3.0,3,267.0,3.0,0.0,0.0,0.0,0.0,0.0,0.0,0.0,0.0,0.3,0.3,0.0,0.3,1.0,10.0,3.0,0.0,0.0,0.0,0.0,0.0,0.11,0.01,0.12,0.11,0.12,Matches,Crystal-Palace,
Ismaila Sarr,sn SEN,"FW,MF",26-250,9.0,2,306.0,3.4,0.0,0.0,0.0,0.0,0.0,0.0,1.0,0.0,0.6,0.6,0.9,1.6,8.0,5.0,29.0,0.0,0.0,0.0,0.0,0.0,0.19,0.27,0.46,0.19,0.46,Matches,Crystal-Palace,
Nathaniel Clyne,eng ENG,"DF,MF",33-210,3.0,2,227.0,2.5,0.0,0.0,0.0,0.0,0.0,0.0,0.0,0.0,0.0,0.0,0.0,0.0,1.0,5.0,5.0,0.0,0.0,0.0,0.0,0.0,0.0,0.0,0.0,0.0,0.0,Matches,Crystal-Palace,
Odsonne Édouard,fr FRA,"MF,FW",26-290,2.0,1,115.0,1.3,0.0,0.0,0.0,0.0,0.0,0.0,0.0,0.0,0.4,0.4,0.0,0.4,2.0,4.0,7.0,0.0,0.0,0.0,0.0,0.0,0.31,0.04,0.34,0.31,0.34,Matches,Crystal-Palace,
Cheick Doucouré,ml MLI,MF,24-298,3.0,1,93.0,1.0,0.0,0.0,0.0,0.0,0.0,0.0,0.0,0.0,0.0,0.0,0.0,0.0,1.0,6.0,0.0,0.0,0.0,0.0,0.0,0.0,0.04,0.0,0.04,0.04,0.04,Matches,Crystal-Palace,
Joachim Andersen,dk DEN,DF,28-154,1.0,1,90.0,1.0,0.0,0.0,0.0,0.0,0.0,0.0,1.0,0.0,0.0,0.0,0.0,0.0,1.0,4.0,1.0,0.0,0.0,0.0,0.0,0.0,0.04,0.0,0.04,0.04,0.04,Matches,Crystal-Palace,
Chadi Riad,ma MAR,DF,21-137,1.0,1,90.0,1.0,0.0,0.0,0.0,0.0,0.0,0.0,0.0,0.0,0.0,0.0,0.0,0.0,2.0,7.0,0.0,0.0,0.0,0.0,0.0,0.0,0.0,0.0,0.0,0.0,0.0,Matches,Crystal-Palace,
Jeffrey Schlupp,gh GHA,"DF,MF",31-314,6.0,0,50.0,0.6,0.0,0.0,0.0,0.0,0.0,0.0,0.0,0.0,0.1,0.1,0.1,0.2,2.0,3.0,7.0,0.0,0.0,0.0,0.0,0.0,0.15,0.15,0.3,0.15,0.3,Matches,Crystal-Palace,
Jordan Ayew,gh GHA,"FW,MF",33-051,1.0,0,21.0,0.2,0.0,0.0,0.0,0.0,0.0,0.0,1.0,0.0,0.5,0.5,0.0,0.5,0.0,0.0,1.0,0.0,0.0,0.0,0.0,0.0,1.96,0.21,2.17,1.96,2.17,Matches,Crystal-Palace,
Asher Agbinone,eng ENG,MF,19-034,1.0,0,3.0,0.0,0.0,0.0,0.0,0.0,0.0,0.0,0.0,0.0,0.0,0.0,0.0,0.1,2.0,0.0,1.0,0.0,0.0,0.0,0.0,0.0,0.58,1.0,1.58,0.58,1.58,Matches,Crystal-Palace,
Naouirou Ahamada,fr FRA,MF,22-217,0.0,0,,,,,,,,,,,,,,,,,,,,,,,,,,,,Matches,Crystal-Palace,
Justin Devenny,nir NIR,MF,21-021,0.0,0,,,,,,,,,,,,,,,,,,,,,,,,,,,,Matches,Crystal-Palace,
Rob Holding,eng ENG,DF,29-042,0.0,0,,,,,,,,,,,,,,,,,,,,,,,,,,,,Matches,Crystal-Palace,
Sam Johnstone,eng ENG,GK,31-221,0.0,0,,,,,,,,,,,,,,,,,,,,,,,,,,,,Matches,Crystal-Palace,
Caleb Kporha,eng ENG,DF,18-109,0.0,0,,,,,,,,,,,,,,,,,,,,,,,,,,,,Matches,Crystal-Palace,
Remi Matthews,eng ENG,GK,30-265,0.0,0,,,,,,,,,,,,,,,,,,,,,,,,,,,,Matches,Crystal-Palace,
Kaden Rodney,eng ENG,DF,20-025,0.0,0,,,,,,,,,,,,,,,,,,,,,,,,,,,,Matches,Crystal-Palace,
Matt Turner,us USA,GK,30-130,0.0,0,,,,,,,,,,,,,,,,,,,,,,,,,,,,Matches,Crystal-Palace,
Franco Umeh-Chibueze,ie IRL,MF,19-280,0.0,0,,,,,,,,,,,,,,,,,,,,,,,,,,,,Matches,Crystal-Palace,
Joel Ward,eng ENG,"DF,MF",35-003,0.0,0,,,,,,,,,,,,,,,,,,,,,,,,,,,,Matches,Crystal-Palace,
Squad Total,,,26.4,9.0,99,810.0,9.0,5.0,3.0,8.0,4.0,1.0,1.0,22.0,0.0,9.9,9.1,7.6,16.6,131.0,345.0,341.0,0.56,0.33,0.89,0.44,0.78,1.1,0.84,1.94,1.01,1.85,,Crystal-Palace,
Opponent Total,,,26.7,9.0,99,810.0,9.0,11.0,7.0,18.0,11.0,0.0,0.0,21.0,0.0,12.8,12.8,9.9,22.7,157.0,366.0,362.0,1.22,0.78,2.0,1.22,2.0,1.42,1.1,2.52,1.42,2.52,,Crystal-Palace,
Leif Davis,eng ENG,DF,24-294,9.0,9,810.0,9.0,0.0,2.0,2.0,0.0,0.0,0.0,1.0,0.0,0.5,0.5,1.7,2.1,15.0,22.0,39.0,0.0,0.22,0.22,0.0,0.22,0.05,0.19,0.24,0.05,0.24,Matches,Ipswich-Town,
Arijanet Muric,xk KVX,GK,25-360,8.0,8,720.0,8.0,0.0,0.0,0.0,0.0,0.0,0.0,0.0,0.0,0.0,0.0,0.0,0.0,0.0,0.0,0.0,0.0,0.0,0.0,0.0,0.0,0.0,0.0,0.0,0.0,0.0,Matches,Ipswich-Town,
Sam Morsy,eg EGY,MF,33-052,8.0,8,713.0,7.9,1.0,0.0,1.0,1.0,0.0,0.0,4.0,0.0,0.2,0.2,0.2,0.4,4.0,42.0,3.0,0.13,0.0,0.13,0.13,0.13,0.03,0.02,0.05,0.03,0.05,Matches,Ipswich-Town,
Omari Hutchinson,eng ENG,"MF,FW",21-002,8.0,8,704.0,7.8,0.0,1.0,1.0,0.0,0.0,0.0,3.0,0.0,0.5,0.5,0.9,1.4,23.0,22.0,43.0,0.0,0.13,0.13,0.0,0.13,0.06,0.12,0.18,0.06,0.18,Matches,Ipswich-Town,
Liam Delap,eng ENG,FW,21-267,9.0,8,632.0,7.0,5.0,0.0,5.0,5.0,0.0,0.0,2.0,0.0,1.5,1.5,0.3,1.8,15.0,4.0,31.0,0.71,0.0,0.71,0.71,0.71,0.22,0.05,0.26,0.22,0.26,Matches,Ipswich-Town,
Jacob Greaves,eng ENG,DF,24-050,7.0,7,630.0,7.0,0.0,0.0,0.0,0.0,0.0,0.0,1.0,0.0,0.4,0.4,0.0,0.4,1.0,14.0,2.0,0.0,0.0,0.0,0.0,0.0,0.06,0.0,0.06,0.06,0.06,Matches,Ipswich-Town,
Dara O'Shea,ie IRL,DF,25-242,6.0,6,512.0,5.7,0.0,0.0,0.0,0.0,0.0,0.0,1.0,0.0,0.3,0.3,0.0,0.3,1.0,13.0,0.0,0.0,0.0,0.0,0.0,0.0,0.05,0.0,0.05,0.05,0.05,Matches,Ipswich-Town,
Axel Tuanzebe,cd COD,DF,26-353,6.0,6,512.0,5.7,0.0,0.0,0.0,0.0,0.0,0.0,1.0,0.0,0.2,0.2,0.2,0.4,3.0,16.0,2.0,0.0,0.0,0.0,0.0,0.0,0.03,0.04,0.07,0.03,0.07,Matches,Ipswich-Town,
Kalvin Phillips,eng ENG,MF,28-335,6.0,6,461.0,5.1,0.0,0.0,0.0,0.0,0.0,0.0,1.0,0.0,0.2,0.2,0.1,0.3,3.0,25.0,0.0,0.0,0.0,0.0,0.0,0.0,0.04,0.02,0.05,0.04,0.05,Matches,Ipswich-Town,
Wes Burns,wls WAL,FW,29-344,7.0,5,399.0,4.4,0.0,0.0,0.0,0.0,0.0,0.0,1.0,0.0,0.2,0.2,1.0,1.2,15.0,2.0,36.0,0.0,0.0,0.0,0.0,0.0,0.05,0.22,0.27,0.05,0.27,Matches,Ipswich-Town,
Sammie Szmodics,ie IRL,"FW,MF",29-038,9.0,5,397.0,4.4,2.0,0.0,2.0,2.0,0.0,0.0,1.0,0.0,1.7,1.7,0.1,1.9,6.0,10.0,24.0,0.45,0.0,0.45,0.45,0.45,0.39,0.03,0.42,0.39,0.42,Matches,Ipswich-Town,
Luke Woolfenden,eng ENG,DF,26-011,5.0,4,378.0,4.2,0.0,0.0,0.0,0.0,0.0,0.0,1.0,0.0,0.0,0.0,0.0,0.0,3.0,9.0,0.0,0.0,0.0,0.0,0.0,0.0,0.01,0.0,0.01,0.01,0.01,Matches,Ipswich-Town,
Jack Clarke,eng ENG,FW,23-344,7.0,3,321.0,3.6,0.0,1.0,1.0,0.0,0.0,0.0,1.0,0.0,0.5,0.5,0.8,1.3,5.0,8.0,17.0,0.0,0.28,0.28,0.0,0.28,0.15,0.22,0.37,0.15,0.37,Matches,Ipswich-Town,
Chiedozie Ogbene,ie IRL,FW,27-184,5.0,3,238.0,2.6,0.0,0.0,0.0,0.0,0.0,0.0,0.0,0.0,0.0,0.0,0.1,0.1,7.0,0.0,15.0,0.0,0.0,0.0,0.0,0.0,0.0,0.03,0.03,0.0,0.03,Matches,Ipswich-Town,
Ben Johnson,eng ENG,DF,24-282,4.0,2,223.0,2.5,0.0,1.0,1.0,0.0,0.0,0.0,0.0,0.0,0.0,0.0,0.3,0.3,4.0,9.0,4.0,0.0,0.4,0.4,0.0,0.4,0.0,0.12,0.12,0.0,0.12,Matches,Ipswich-Town,
Conor Chaplin,eng ENG,"MF,FW",27-259,8.0,2,201.0,2.2,0.0,1.0,1.0,0.0,0.0,0.0,0.0,0.0,0.1,0.1,0.4,0.5,2.0,9.0,8.0,0.0,0.45,0.45,0.0,0.45,0.07,0.17,0.24,0.07,0.24,Matches,Ipswich-Town,
Cameron Burgess,au AUS,DF,29-011,2.0,2,180.0,2.0,0.0,0.0,0.0,0.0,0.0,0.0,0.0,0.0,0.1,0.1,0.0,0.2,1.0,10.0,1.0,0.0,0.0,0.0,0.0,0.0,0.06,0.02,0.08,0.06,0.08,Matches,Ipswich-Town,
Jens Cajuste,se SWE,MF,25-083,3.0,2,169.0,1.9,0.0,0.0,0.0,0.0,0.0,0.0,0.0,0.0,0.0,0.0,0.1,0.1,3.0,4.0,1.0,0.0,0.0,0.0,0.0,0.0,0.01,0.04,0.05,0.01,0.05,Matches,Ipswich-Town,
Massimo Luongo,au AUS,MF,32-037,4.0,2,142.0,1.6,0.0,0.0,0.0,0.0,0.0,0.0,0.0,0.0,0.0,0.0,0.0,0.0,0.0,4.0,1.0,0.0,0.0,0.0,0.0,0.0,0.0,0.0,0.0,0.0,0.0,Matches,Ipswich-Town,
George Hirst,eng ENG,FW,25-260,6.0,1,143.0,1.6,1.0,1.0,2.0,1.0,0.0,0.0,0.0,0.0,0.8,0.8,0.3,1.0,2.0,7.0,12.0,0.63,0.63,1.26,0.63,1.26,0.48,0.16,0.65,0.48,0.65,Matches,Ipswich-Town,
Harry Clarke,eng ENG,DF,23-244,2.0,1,96.0,1.1,0.0,0.0,0.0,0.0,0.0,0.0,2.0,1.0,0.0,0.0,0.0,0.0,2.0,6.0,0.0,0.0,0.0,0.0,0.0,0.0,0.0,0.0,0.0,0.0,0.0,Matches,Ipswich-Town,
Christian Walton,eng ENG,GK,28-358,1.0,1,90.0,1.0,0.0,0.0,0.0,0.0,0.0,0.0,0.0,0.0,0.0,0.0,0.0,0.0,0.0,0.0,0.0,0.0,0.0,0.0,0.0,0.0,0.0,0.0,0.0,0.0,0.0,Matches,Ipswich-Town,
Jack Taylor,ie IRL,MF,26-131,6.0,0,134.0,1.5,0.0,0.0,0.0,0.0,0.0,0.0,2.0,0.0,0.3,0.3,0.0,0.3,2.0,12.0,4.0,0.0,0.0,0.0,0.0,0.0,0.2,0.0,0.2,0.2,0.2,Matches,Ipswich-Town,
Marcus Harness,eng ENG,MF,28-251,2.0,0,45.0,0.5,0.0,0.0,0.0,0.0,0.0,0.0,0.0,0.0,0.0,0.0,0.0,0.0,0.0,2.0,1.0,0.0,0.0,0.0,0.0,0.0,0.0,0.0,0.0,0.0,0.0,Matches,Ipswich-Town,
Ali Al Hamadi,iq IRQ,FW,22-245,3.0,0,35.0,0.4,0.0,0.0,0.0,0.0,0.0,0.0,2.0,0.0,0.0,0.0,0.0,0.0,0.0,0.0,3.0,0.0,0.0,0.0,0.0,0.0,0.0,0.12,0.12,0.0,0.12,Matches,Ipswich-Town,
George Edmundson,eng ENG,DF,27-062,1.0,0,2.0,0.0,0.0,0.0,0.0,0.0,0.0,0.0,0.0,0.0,0.0,0.0,0.0,0.0,0.0,0.0,0.0,0.0,0.0,0.0,0.0,0.0,0.0,0.0,0.0,0.0,0.0,Matches,Ipswich-Town,
Conor Townsend,eng ENG,MF,31-242,1.0,0,1.0,0.0,0.0,0.0,0.0,0.0,0.0,0.0,0.0,0.0,0.0,0.0,0.0,0.0,0.0,0.0,0.0,0.0,0.0,0.0,0.0,0.0,0.0,1.6,1.6,0.0,1.6,Matches,Ipswich-Town,
Nathan Broadhead,wls WAL,"FW,MF",26-210,0.0,0,,,,,,,,,,,,,,,,,,,,,,,,,,,,Matches,Ipswich-Town,
Cieran Slicker,sct SCO,GK,22-047,0.0,0,,,,,,,,,,,,,,,,,,,,,,,,,,,,Matches,Ipswich-Town,
Squad Total,,,26.3,9.0,99,810.0,9.0,9.0,7.0,16.0,9.0,0.0,0.0,24.0,1.0,7.5,7.5,6.5,14.0,117.0,250.0,247.0,1.0,0.78,1.78,1.0,1.78,0.83,0.72,1.56,0.83,1.56,,Ipswich-Town,
Opponent Total,,,27.3,9.0,99,810.0,9.0,20.0,11.0,31.0,18.0,2.0,2.0,16.0,0.0,21.1,19.5,14.9,34.5,186.0,376.0,373.0,2.22,1.22,3.44,2.0,3.22,2.34,1.66,4.0,2.17,3.83,,Ipswich-Town,
Mario Lemina,ga GAB,MF,31-061,9.0,9,764.0,8.5,1.0,1.0,2.0,1.0,0.0,0.0,2.0,0.0,1.0,1.0,0.3,1.3,3.0,23.0,13.0,0.12,0.12,0.24,0.12,0.24,0.12,0.03,0.15,0.12,0.15,Matches,Wolverhampton-Wanderers,
João Gomes,br BRA,MF,23-263,9.0,9,747.0,8.3,0.0,0.0,0.0,0.0,0.0,0.0,4.0,0.0,0.2,0.2,0.1,0.3,15.0,33.0,13.0,0.0,0.0,0.0,0.0,0.0,0.02,0.01,0.04,0.02,0.04,Matches,Wolverhampton-Wanderers,
Rayan Aït-Nouri,dz ALG,DF,23-148,9.0,9,743.0,8.3,3.0,2.0,5.0,3.0,0.0,0.0,4.0,0.0,1.0,1.0,1.0,2.1,15.0,31.0,31.0,0.36,0.24,0.61,0.36,0.61,0.13,0.12,0.25,0.13,0.25,Matches,Wolverhampton-Wanderers,
Jørgen Strand Larsen,no NOR,FW,24-269,9.0,9,732.0,8.1,3.0,1.0,4.0,3.0,0.0,0.0,1.0,0.0,1.9,1.9,0.8,2.7,3.0,6.0,19.0,0.37,0.12,0.49,0.37,0.49,0.23,0.1,0.33,0.23,0.33,Matches,Wolverhampton-Wanderers,
Matheus Cunha,br BRA,"MF,FW",25-158,9.0,8,707.0,7.9,4.0,0.0,4.0,4.0,0.0,0.0,1.0,0.0,2.2,2.2,1.8,4.0,29.0,27.0,48.0,0.51,0.0,0.51,0.51,0.51,0.28,0.23,0.51,0.28,0.51,Matches,Wolverhampton-Wanderers,
Nélson Semedo,pt POR,DF,30-351,7.0,7,600.0,6.7,0.0,2.0,2.0,0.0,0.0,0.0,4.0,0.0,0.3,0.3,1.0,1.3,12.0,16.0,15.0,0.0,0.3,0.3,0.0,0.3,0.05,0.15,0.19,0.05,0.19,Matches,Wolverhampton-Wanderers,
Toti Gomes,pt POR,DF,25-290,7.0,7,585.0,6.5,0.0,1.0,1.0,0.0,0.0,0.0,4.0,0.0,0.0,0.0,0.5,0.5,4.0,11.0,2.0,0.0,0.15,0.15,0.0,0.15,0.0,0.08,0.08,0.0,0.08,Matches,Wolverhampton-Wanderers,
Craig Dawson,eng ENG,DF,34-179,8.0,6,571.0,6.3,0.0,0.0,0.0,0.0,0.0,0.0,1.0,0.0,0.5,0.5,0.0,0.5,4.0,13.0,4.0,0.0,0.0,0.0,0.0,0.0,0.07,0.01,0.08,0.07,0.08,Matches,Wolverhampton-Wanderers,
Jean-Ricner Bellegarde,fr FRA,"MF,FW",26-127,8.0,6,403.0,4.5,1.0,1.0,2.0,1.0,0.0,0.0,1.0,0.0,0.3,0.3,0.3,0.6,13.0,5.0,21.0,0.22,0.22,0.45,0.22,0.45,0.07,0.06,0.13,0.07,0.13,Matches,Wolverhampton-Wanderers,
Sam Johnstone,eng ENG,GK,31-221,5.0,5,450.0,5.0,0.0,0.0,0.0,0.0,0.0,0.0,0.0,0.0,0.0,0.0,0.0,0.0,0.0,0.0,0.0,0.0,0.0,0.0,0.0,0.0,0.0,0.01,0.01,0.0,0.01,Matches,Wolverhampton-Wanderers,
Yerson Mosquera,co COL,DF,23-183,5.0,5,441.0,4.9,0.0,0.0,0.0,0.0,0.0,0.0,2.0,0.0,0.3,0.3,0.1,0.4,0.0,7.0,0.0,0.0,0.0,0.0,0.0,0.0,0.07,0.02,0.09,0.07,0.09,Matches,Wolverhampton-Wanderers,
André,br BRA,MF,23-108,7.0,5,363.0,4.0,0.0,0.0,0.0,0.0,0.0,0.0,2.0,0.0,0.1,0.1,0.1,0.2,0.0,10.0,0.0,0.0,0.0,0.0,0.0,0.0,0.02,0.04,0.05,0.02,0.05,Matches,Wolverhampton-Wanderers,
José Sá,pt POR,GK,31-289,4.0,4,360.0,4.0,0.0,0.0,0.0,0.0,0.0,0.0,0.0,0.0,0.0,0.0,0.1,0.1,0.0,0.0,0.0,0.0,0.0,0.0,0.0,0.0,0.0,0.02,0.02,0.0,0.02,Matches,Wolverhampton-Wanderers,
Santiago Bueno,uy URU,DF,25-358,4.0,3,265.0,2.9,0.0,0.0,0.0,0.0,0.0,0.0,0.0,0.0,0.2,0.2,0.0,0.2,0.0,4.0,0.0,0.0,0.0,0.0,0.0,0.0,0.07,0.0,0.07,0.07,0.07,Matches,Wolverhampton-Wanderers,
Hwang Hee-chan,kr KOR,"FW,MF",28-280,6.0,2,256.0,2.8,0.0,0.0,0.0,0.0,0.0,0.0,0.0,0.0,0.0,0.0,0.1,0.1,5.0,3.0,7.0,0.0,0.0,0.0,0.0,0.0,0.0,0.04,0.04,0.0,0.04,Matches,Wolverhampton-Wanderers,
Matt Doherty,ie IRL,DF,32-290,4.0,2,210.0,2.3,0.0,0.0,0.0,0.0,0.0,0.0,0.0,0.0,0.1,0.1,0.1,0.2,1.0,6.0,8.0,0.0,0.0,0.0,0.0,0.0,0.03,0.06,0.1,0.03,0.1,Matches,Wolverhampton-Wanderers,
Tommy Doyle,eng ENG,MF,23-015,7.0,1,204.0,2.3,0.0,1.0,1.0,0.0,0.0,0.0,0.0,0.0,0.3,0.3,0.1,0.4,1.0,20.0,2.0,0.0,0.44,0.44,0.0,0.44,0.12,0.04,0.16,0.12,0.16,Matches,Wolverhampton-Wanderers,
Carlos Forbs,pt POR,"MF,FW",20-227,5.0,1,179.0,2.0,0.0,0.0,0.0,0.0,0.0,0.0,2.0,0.0,0.1,0.1,0.0,0.1,8.0,7.0,21.0,0.0,0.0,0.0,0.0,0.0,0.05,0.02,0.07,0.05,0.07,Matches,Wolverhampton-Wanderers,
Rodrigo Gomes,pt POR,"FW,MF",21-117,4.0,1,118.0,1.3,0.0,0.0,0.0,0.0,0.0,0.0,0.0,0.0,0.1,0.1,0.0,0.1,6.0,1.0,12.0,0.0,0.0,0.0,0.0,0.0,0.05,0.0,0.05,0.05,0.05,Matches,Wolverhampton-Wanderers,
Gonçalo Guedes,pt POR,"FW,MF",27-338,6.0,0,82.0,0.9,0.0,0.0,0.0,0.0,0.0,0.0,0.0,0.0,0.0,0.0,0.1,0.1,2.0,2.0,7.0,0.0,0.0,0.0,0.0,0.0,0.04,0.12,0.16,0.04,0.16,Matches,Wolverhampton-Wanderers,
Pablo Sarabia,es ESP,"MF,FW",32-174,3.0,0,75.0,0.8,0.0,0.0,0.0,0.0,0.0,0.0,1.0,0.0,0.1,0.1,0.4,0.5,3.0,7.0,6.0,0.0,0.0,0.0,0.0,0.0,0.11,0.52,0.63,0.11,0.63,Matches,Wolverhampton-Wanderers,
Daniel Podence,pt POR,"MF,FW",29-011,2.0,0,48.0,0.5,0.0,0.0,0.0,0.0,0.0,0.0,0.0,0.0,0.0,0.0,0.0,0.0,1.0,2.0,3.0,0.0,0.0,0.0,0.0,0.0,0.07,0.0,0.07,0.07,0.07,Matches,Wolverhampton-Wanderers,
Chiquinho,pt POR,MF,24-270,1.0,0,7.0,0.1,0.0,0.0,0.0,0.0,0.0,0.0,0.0,0.0,0.0,0.0,0.0,0.0,0.0,0.0,0.0,0.0,0.0,0.0,0.0,0.0,0.0,0.42,0.42,0.0,0.42,Matches,Wolverhampton-Wanderers,
Daniel Bentley,eng ENG,GK,31-111,0.0,0,,,,,,,,,,,,,,,,,,,,,,,,,,,,Matches,Wolverhampton-Wanderers,
Pedro Lima,br BRA,DF,18-123,0.0,0,,,,,,,,,,,,,,,,,,,,,,,,,,,,Matches,Wolverhampton-Wanderers,
Alfie Pond,eng ENG,DF,20-245,0.0,0,,,,,,,,,,,,,,,,,,,,,,,,,,,,Matches,Wolverhampton-Wanderers,
Boubacar Traoré,ml MLI,MF,23-073,0.0,0,,,,,,,,,,,,,,,,,,,,,,,,,,,,Matches,Wolverhampton-Wanderers,
Squad Total,,,27.1,9.0,99,810.0,9.0,12.0,9.0,21.0,12.0,0.0,0.0,29.0,0.0,8.7,8.7,7.1,15.8,125.0,234.0,232.0,1.33,1.0,2.33,1.33,2.33,0.97,0.78,1.75,0.97,1.75,,Wolverhampton-Wanderers,
Opponent Total,,,26.4,9.0,99,810.0,9.0,25.0,21.0,46.0,23.0,2.0,2.0,23.0,0.0,16.7,15.2,12.6,27.8,241.0,451.0,448.0,2.78,2.33,5.11,2.56,4.89,1.86,1.4,3.26,1.68,3.08,,Wolverhampton-Wanderers,
Flynn Downes,eng ENG,MF,25-286,9.0,9,806.0,9.0,0.0,0.0,0.0,0.0,0.0,0.0,4.0,0.0,0.5,0.5,0.8,1.3,12.0,36.0,16.0,0.0,0.0,0.0,0.0,0.0,0.05,0.09,0.14,0.05,0.14,Matches,Southampton,
Jan Bednarek,pl POL,DF,28-203,9.0,9,800.0,8.9,0.0,0.0,0.0,0.0,0.0,0.0,2.0,0.0,0.0,0.0,0.4,0.4,2.0,23.0,1.0,0.0,0.0,0.0,0.0,0.0,0.0,0.05,0.05,0.0,0.05,Matches,Southampton,
Taylor Harwood-Bellis,eng ENG,DF,22-276,9.0,8,680.0,7.6,1.0,0.0,1.0,1.0,0.0,0.0,3.0,0.0,0.7,0.7,0.4,1.1,3.0,23.0,3.0,0.13,0.0,0.13,0.13,0.13,0.09,0.05,0.14,0.09,0.14,Matches,Southampton,
Yukinari Sugawara,jp JPN,DF,24-126,8.0,8,625.0,6.9,1.0,0.0,1.0,1.0,0.0,0.0,2.0,0.0,0.3,0.3,1.4,1.7,10.0,33.0,24.0,0.14,0.0,0.14,0.14,0.14,0.04,0.2,0.24,0.04,0.24,Matches,Southampton,
Aaron Ramsdale,eng ENG,GK,26-171,7.0,7,630.0,7.0,0.0,0.0,0.0,0.0,0.0,0.0,0.0,0.0,0.0,0.0,0.0,0.0,0.0,0.0,0.0,0.0,0.0,0.0,0.0,0.0,0.0,0.0,0.0,0.0,0.0,Matches,Southampton,
Kyle Walker-Peters,eng ENG,DF,27-202,7.0,7,620.0,6.9,0.0,1.0,1.0,0.0,0.0,0.0,1.0,0.0,0.2,0.2,0.7,0.9,30.0,34.0,16.0,0.0,0.15,0.15,0.0,0.15,0.03,0.1,0.13,0.03,0.13,Matches,Southampton,
Mateus Fernandes,pt POR,MF,20-114,8.0,6,528.0,5.9,0.0,1.0,1.0,0.0,0.0,0.0,2.0,0.0,0.4,0.4,0.8,1.3,16.0,25.0,20.0,0.0,0.17,0.17,0.0,0.17,0.08,0.14,0.22,0.08,0.22,Matches,Southampton,
Tyler Dibling,eng ENG,"FW,MF",18-234,9.0,6,493.0,5.5,1.0,0.0,1.0,1.0,0.0,0.0,3.0,0.0,0.9,0.9,0.8,1.7,25.0,19.0,34.0,0.18,0.0,0.18,0.18,0.18,0.17,0.14,0.31,0.17,0.31,Matches,Southampton,
Joe Aribo,ng NGA,MF,28-103,8.0,5,482.0,5.4,1.0,0.0,1.0,1.0,0.0,0.0,0.0,0.0,1.2,1.2,0.7,1.9,16.0,22.0,26.0,0.19,0.0,0.19,0.19,0.19,0.23,0.12,0.35,0.23,0.35,Matches,Southampton,
Jack Stephens,eng ENG,DF,30-279,5.0,5,438.0,4.9,0.0,0.0,0.0,0.0,0.0,0.0,1.0,1.0,0.2,0.2,0.1,0.4,6.0,26.0,0.0,0.0,0.0,0.0,0.0,0.0,0.05,0.03,0.07,0.05,0.07,Matches,Southampton,
Cameron Archer,eng ENG,FW,23-103,9.0,4,437.0,4.9,2.0,0.0,2.0,2.0,0.0,1.0,0.0,0.0,3.5,2.7,0.0,2.7,7.0,3.0,19.0,0.41,0.0,0.41,0.41,0.41,0.72,0.0,0.72,0.55,0.55,Matches,Southampton,
Ben Brereton,cl CHI,FW,25-197,6.0,4,389.0,4.3,0.0,0.0,0.0,0.0,0.0,0.0,1.0,0.0,0.8,0.8,0.1,0.9,11.0,8.0,36.0,0.0,0.0,0.0,0.0,0.0,0.18,0.02,0.2,0.18,0.2,Matches,Southampton,
Adam Armstrong,eng ENG,"FW,MF",27-265,6.0,3,276.0,3.1,0.0,0.0,0.0,0.0,0.0,0.0,2.0,0.0,0.9,0.9,0.1,1.0,9.0,7.0,21.0,0.0,0.0,0.0,0.0,0.0,0.28,0.04,0.32,0.28,0.32,Matches,Southampton,
William Smallbone,ie IRL,MF,24-254,4.0,3,241.0,2.7,0.0,0.0,0.0,0.0,0.0,0.0,0.0,0.0,0.3,0.3,0.3,0.6,2.0,8.0,12.0,0.0,0.0,0.0,0.0,0.0,0.11,0.11,0.23,0.11,0.23,Matches,Southampton,
Ryan Manning,ie IRL,"DF,FW",28-140,3.0,3,226.0,2.5,0.0,0.0,0.0,0.0,0.0,0.0,1.0,0.0,0.1,0.1,0.2,0.3,2.0,0.0,13.0,0.0,0.0,0.0,0.0,0.0,0.02,0.09,0.12,0.02,0.12,Matches,Southampton,
Charlie Taylor,eng ENG,DF,31-044,5.0,2,209.0,2.3,0.0,0.0,0.0,0.0,0.0,0.0,1.0,0.0,0.0,0.0,0.1,0.1,2.0,6.0,6.0,0.0,0.0,0.0,0.0,0.0,0.0,0.03,0.03,0.0,0.03,Matches,Southampton,
Alex McCarthy,eng ENG,GK,34-334,2.0,2,180.0,2.0,0.0,0.0,0.0,0.0,0.0,0.0,0.0,0.0,0.0,0.0,0.0,0.0,0.0,0.0,0.0,0.0,0.0,0.0,0.0,0.0,0.0,0.0,0.0,0.0,0.0,Matches,Southampton,
Adam Lallana,eng ENG,MF,36-175,5.0,2,175.0,1.9,0.0,2.0,2.0,0.0,0.0,0.0,3.0,0.0,0.2,0.2,0.8,1.0,3.0,11.0,3.0,0.0,1.03,1.03,0.0,1.03,0.09,0.41,0.5,0.09,0.5,Matches,Southampton,
Ryan Fraser,sct SCO,FW,30-251,4.0,2,141.0,1.6,0.0,0.0,0.0,0.0,0.0,0.0,0.0,1.0,0.0,0.0,0.1,0.1,4.0,1.0,7.0,0.0,0.0,0.0,0.0,0.0,0.02,0.05,0.07,0.02,0.07,Matches,Southampton,
Lesley Ugochukwu,fr FRA,MF,20-220,3.0,2,140.0,1.6,0.0,0.0,0.0,0.0,0.0,0.0,0.0,0.0,0.2,0.2,0.2,0.4,3.0,1.0,1.0,0.0,0.0,0.0,0.0,0.0,0.14,0.12,0.26,0.14,0.26,Matches,Southampton,
Ross Stewart,sct SCO,"FW,MF",28-113,4.0,1,132.0,1.5,0.0,0.0,0.0,0.0,0.0,0.0,1.0,0.0,0.1,0.1,0.0,0.1,1.0,1.0,5.0,0.0,0.0,0.0,0.0,0.0,0.08,0.0,0.08,0.08,0.08,Matches,Southampton,
Maxwel Cornet,ci CIV,FW,28-035,2.0,1,72.0,0.8,0.0,0.0,0.0,0.0,0.0,0.0,1.0,0.0,0.2,0.2,0.0,0.2,1.0,0.0,5.0,0.0,0.0,0.0,0.0,0.0,0.2,0.0,0.2,0.2,0.2,Matches,Southampton,
Samuel Edozie,eng ENG,"DF,FW",21-278,2.0,0,65.0,0.7,0.0,0.0,0.0,0.0,0.0,0.0,1.0,0.0,0.0,0.0,0.1,0.1,6.0,4.0,23.0,0.0,0.0,0.0,0.0,0.0,0.0,0.14,0.14,0.0,0.14,Matches,Southampton,
Paul Onuachu,ng NGA,FW,30-157,3.0,0,44.0,0.5,0.0,0.0,0.0,0.0,0.0,0.0,0.0,0.0,0.1,0.1,0.0,0.1,0.0,2.0,1.0,0.0,0.0,0.0,0.0,0.0,0.12,0.04,0.16,0.12,0.16,Matches,Southampton,
Kamaldeen Sulemana,gh GHA,"FW,MF",22-260,2.0,0,17.0,0.2,0.0,0.0,0.0,0.0,0.0,0.0,0.0,0.0,0.0,0.0,0.0,0.0,1.0,0.0,1.0,0.0,0.0,0.0,0.0,0.0,0.1,0.0,0.1,0.1,0.1,Matches,Southampton,
James Bree,eng ENG,DF,27-021,1.0,0,14.0,0.2,0.0,0.0,0.0,0.0,0.0,0.0,0.0,0.0,0.0,0.0,0.0,0.0,0.0,1.0,1.0,0.0,0.0,0.0,0.0,0.0,0.0,0.07,0.07,0.0,0.07,Matches,Southampton,
Carlos Alcaraz,ar ARG,MF,21-337,1.0,0,10.0,0.1,0.0,0.0,0.0,0.0,0.0,0.0,0.0,0.0,0.1,0.1,0.1,0.2,4.0,6.0,1.0,0.0,0.0,0.0,0.0,0.0,0.62,0.86,1.48,0.62,1.48,Matches,Southampton,
Samuel Amo-Ameyaw,eng ENG,DF,18-106,1.0,0,10.0,0.1,0.0,0.0,0.0,0.0,0.0,0.0,0.0,0.0,0.0,0.0,0.1,0.1,0.0,0.0,2.0,0.0,0.0,0.0,0.0,0.0,0.18,0.62,0.8,0.18,0.8,Matches,Southampton,
Joe Lumley,eng ENG,GK,29-260,0.0,0,,,,,,,,,,,,,,,,,,,,,,,,,,,,Matches,Southampton,
Nathan Wood-Gordon,eng ENG,DF,22-154,0.0,0,,,,,,,,,,,,,,,,,,,,,,,,,,,,Matches,Southampton,
Squad Total,,,26.0,9.0,99,810.0,9.0,6.0,4.0,10.0,6.0,0.0,1.0,29.0,2.0,10.5,9.7,8.1,17.8,176.0,300.0,297.0,0.67,0.44,1.11,0.67,1.11,1.17,0.9,2.07,1.08,1.98,,Southampton,
Opponent Total,,,26.4,9.0,99,810.0,9.0,19.0,13.0,32.0,18.0,1.0,1.0,21.0,1.0,19.6,19.0,16.5,35.5,196.0,387.0,384.0,2.11,1.44,3.56,2.0,3.44,2.18,1.83,4.02,2.11,3.94,,Southampton,
